mineral name,chemistry,Al,B,Ca,Cr,K,Li,Mg,Mn,Na,Ni,O,Sc,Si,V,Fe2+,Fe3+,Zn,Ti4+,Ti3+,sum,a,b,c,β,volume,P,T,crystal system,space group,citation text,notes
Hedenbergite,Ca Fe Si2 O6,0,0,1,0,0,0,0,0,0,0,6,0,2,0,1,0,0,0,0,10,9.8357,9.0078,5.2408,104.664,449.2,,,monoclinic,C2/c,American Mineralogist 91 (2006) 1271-1292,Locality: synthetic
Augite,(Ca1.00Fe1.00)Si2O6,0,0,1,0,0,0,0,0,0,0,6,0,2,0,1,0,0,0,0,10,9.84,9.024,5.2495,104.68,450.8,,,monoclinic,C2/c,American Mineralogist 58 (1973) 50-59,"Synthetic 100,50"
Hedenbergite,(CaFe)Si2O6,0,0,1,0,0,0,0,0,0,0,6,0,2,0,1,0,0,0,0,10,9.866,9.025,5.225,104.69,450.04,,,monoclinic,C2/c,American Mineralogist 54 (1969) 238-245,Synthetic #WD 145
Hedenbergite,(CaFe)Si2O6,0,0,1,0,0,0,0,0,0,0,6,0,2,0,1,0,0,0,0,10,9.857,9.026,5.227,104.7,449.81,,,monoclinic,C2/c,American Mineralogist 54 (1969) 238-245,Synthetic #WD 187
Hedenbergite,(CaFe)Si2O6,0,0,1,0,0,0,0,0,0,0,6,0,2,0,1,0,0,0,0,10,9.85,9.028,5.23,104.75,449.69,,,monoclinic,C2/c,American Mineralogist 54 (1969) 238-245,Synthetic #WD 169
Hedenbergite,(CaFe)Si2O6,0,0,1,0,0,0,0,0,0,0,6,0,2,0,1,0,0,0,0,10,9.847,9.024,5.242,104.77,450.36,,,monoclinic,C2/c,American Mineralogist 54 (1969) 238-245,Synthetic #WD 240
Hedenbergite,(CaFe)Si2O6,0,0,1,0,0,0,0,0,0,0,6,0,2,0,1,0,0,0,0,10,9.852,9.025,5.247,104.77,451.16,,,monoclinic,C2/c,American Mineralogist 54 (1969) 238-245,Synthetic #WD 217
Hedenbergite,Ca Fe Si2 O6,0,0,1,0,0,0,0,0,0,0,6,0,2,0,1,0,0,0,0,10,9.845,9.0293,5.245,104.775,450.83,,298 K,monoclinic,C2/c,American Mineralogist 91 (2006) 1271-1292,Locality: synthetic
Hedenbergite,(Na.1 Ca.9) Fe Si2 O6,0,0,0.9,0,0,0,0,0,0.1,0,6,0,2,0,0.9,0.1,0,0,0,10,9.8472,9.0288,5.2466,104.789,451.014,,,monoclinic,C2/c,European Journal of Mineralogy 12 (2000) 105-120,
Hedenbergite,Ca Fe Si2 O6,0,0,1,0,0,0,0,0,0,0,6,0,2,0,1,0,0,0,0,10,9.8672,9.0469,5.2584,104.794,453.844,,,monoclinic,C2/c,Physics and Chemistry of Minerals 32 (2005) 552-563,
Hedenbergite,Ca Fe Si2 O6,0,0,1,0,0,0,0,0,0,0,6,0,2,0,1,0,0,0,0,10,9.8389,9.0214,5.2424,104.797,449.887,0.0 GPa,,monoclinic,C2/c,American Mineralogist 82 (1997) 245-258,
Hedenbergite,CaFeSi2O6,0,0,1,0,0,0,0,0,0,0,6,0,2,0,1,0,0,0,0,10,9.841,9.027,5.247,104.8,450.69,,,monoclinic,C2/c,Mineralogical Magazine 37 (1969) 216-229,Synthetic: Hd100
Hedenbergite,(Na.06 Ca.94) Fe Si2 O6,0,0,0.94,0,0,0,0,0,0.06,0,6,0,2,0,0.94,0.06,0,0,0,10,9.8475,9.0277,5.2495,104.805,451.189,,,monoclinic,C2/c,European Journal of Mineralogy 12 (2000) 105-120,
Hedenbergite,Ca.99 Fe1.01 Si2 O6,0,0,0.99,0,0,0,0,0,0,0,6,0,2,0,1.01,0,0,0,0,10,9.8447,9.0234,5.2509,104.862,450.847,,,monoclinic,C2/c,American Mineralogist 92 (2007) 1492-1501,Locality: synthetic
Hedenbergite,CaFe0.8871Mg0.1129Si2O6,0,0,1,0,0,0,0.113,0,0,0,6,0,2,0,0.887,0,0,0,0,10,9.832,9.018,5.247,104.88,449.61,,,monoclinic,C2/c,Mineralogical Magazine 37 (1969) 216-229,Synthetic: Di11.29Hd88.71
Hedenbergite,(Ca1.00Fe0.85Mg0.15)Si2O6,0,0,1,0,0,0,0.15,0,0,0,6,0,2,0,0.85,0,0,0,0,10,9.836,9.014,5.248,104.92,449.6,,,monoclinic,C2/c,American Mineralogist 58 (1973) 50-59,"Synthetic 85,50"
Hedenbergite,(CaFe0.85Mg0.15)Si2O6,0,0,1,0,0,0,0.15,0,0,0,6,0,2,0,0.85,0,0,0,0,10,9.834,9.01,5.247,104.96,449.15,,,monoclinic,C2/c,American Mineralogist 54 (1969) 238-245,Synthetic #WD 238
Hedenbergite,(Ca1.00Fe0.75Mg0.25)Si2O6,0,0,1,0,0,0,0.25,0,0,0,6,0,2,0,0.75,0,0,0,0,10,9.821,9.002,5.251,104.98,448.4,,,monoclinic,C2/c,American Mineralogist 58 (1973) 50-59,"Synthetic 75,50"
Hedenbergite,CaFe0.7774Mg0.2226Si2O6,0,0,1,0,0,0,0.223,0,0,0,6,0,2,0,0.777,0,0,0,0,10,9.826,9.012,5.251,105.01,449.2,,,monoclinic,C2/c,Mineralogical Magazine 37 (1969) 216-229,Synthetic: Di22.26Hd77.74
Hedenbergite,(Ca.904 Na.096) Fe Si2 O6,0,0,0.904,0,0,0,0,0,0.096,0,6,0,2,0,0.904,0.096,0,0,0,10,9.8248,8.9973,5.2549,105.013,448.66,,298 K,monoclinic,C2/c,American Mineralogist 91 (2006) 1271-1292,Locality: synthetic
Hedenbergite,(Ca1.00Fe0.80Mg0.20)Si2O6,0,0,1,0,0,0,0.2,0,0,0,6,0,2,0,0.8,0,0,0,0,10,9.832,9.002,5.251,105.02,448.6,,,monoclinic,C2/c,American Mineralogist 58 (1973) 50-59,"Synthetic 80,50"
Hedenbergite,Ca (Zn.165 Fe.835) Si2 O6,0,0,1,0,0,0,0,0,0,0,6,0,2,0,0.835,0,0.165,0,0,10,9.8502,9.0294,5.2584,105.052,451.643,,,monoclinic,C2/c,Physics and Chemistry of Minerals 32 (2005) 552-563,
Hedenbergite,Ca0.8934FeNa0.1066Si2O6,0,0,0.893,0,0,0,0,0,0.107,0,6,0,2,0,0.8934,0.1066,0,0,0,10,9.828,8.997,5.258,105.07,448.96,,,monoclinic,C2/c,Mineralogical Magazine 37 (1969) 216-229,Synthetic: Ae10.66Hd89.34
Hedenbergite,(CaFe0.682Mg0.318)Si2O6,0,0,1,0,0,0,0.318,0,0,0,6,0,2,0,0.682,0,0,0,0,10,9.816,8.987,5.252,105.07,447.41,,,monoclinic,C2/c,American Mineralogist 54 (1969) 238-245,Synthetic #WD 126
Hedenbergite,(Ca.949 Na.051) Fe Si2 O6,0,0,0.949,0,0,0,0,0,0.051,0,6,0,2,0,0.949,0.051,0,0,0,10,9.8354,9.0108,5.256,105.088,449.754,,298 K,monoclinic,C2/c,American Mineralogist 91 (2006) 1271-1292,Locality: synthetic
Hedenbergite,(CaFe0.682Mg0.318)Si2O6,0,0,1,0,0,0,0.318,0,0,0,6,0,2,0,0.682,0,0,0,0,10,9.816,8.991,5.253,105.1,447.61,,,monoclinic,C2/c,American Mineralogist 54 (1969) 238-245,Synthetic #WD 16M
Hedenbergite,CaFe0.6707Mg0.3293Si2O6,0,0,1,0,0,0,0.329,0,0,0,6,0,2,0,0.671,0,0,0,0,10,9.821,8.994,5.247,105.13,447.39,,,monoclinic,C2/c,Mineralogical Magazine 37 (1969) 216-229,Synthetic: Di32.93Hd67.07
Hedenbergite,Ca (Zn.211 Fe.789) Si2 O6,0,0,1,0,0,0,0,0,0,0,6,0,2,0,0.789,0,0.211,0,0,10,9.8605,9.0304,5.269,105.138,452.894,,,monoclinic,C2/c,Physics and Chemistry of Minerals 32 (2005) 552-563,
Hedenbergite,(Ca1.00Fe0.70Mg0.30)Si2O6,0,0,1,0,0,0,0.3,0,0,0,6,0,2,0,0.7,0,0,0,0,10,9.821,8.992,5.251,105.18,447.6,,,monoclinic,C2/c,American Mineralogist 58 (1973) 50-59,"Synthetic 70,50"
Hedenbergite,CaFe0.5670Mg0.4330Si2O6,0,0,1,0,0,0,0.433,0,0,0,6,0,2,0,0.567,0,0,0,0,10,9.809,8.985,5.249,105.28,446.33,,,monoclinic,C2/c,Mineralogical Magazine 37 (1969) 216-229,Synthetic: Di43.30Hd56.70
Hedenbergite,Si2 Fe1.3 Ca.7 O6,0,0,0.7,0,0,0,0,0,0,0,6,0,2,0,1.3,0,0,0,0,10,9.812,9.049,5.233,105.3,448.164,,,monoclinic,C2/c,American Mineralogist 60 (1975) 423-434,
Diopside,Si2 Mg Ca O6,0,0,1,0,0,0,1,0,0,0,6,0,2,0,0,0,0,0,0,10,9.612,8.765,5.1793,105.32,420.846,,,monoclinic,C2/c,American Mineralogist 66 (1981) 315-323,
Hedenbergite,(Ca1.00Fe0.60Mg0.40)Si2O6,0,0,1,0,0,0,0.4,0,0,0,6,0,2,0,0.6,0,0,0,0,10,9.813,8.982,5.251,105.32,445.5,,,monoclinic,C2/c,American Mineralogist 58 (1973) 50-59,"Synthetic 60,50"
Diopside,(Mg.34 Fe.66) Ca Si2 O6,0,0,1,0,0,0,0.34,0,0,0,6,0,2,0,0.66,0,0,0,0,10,9.814,8.9959,5.2534,105.331,447.296,,,monoclinic,C2/c,The Canadian Mineralogist 28 (1990) 93-109,
Hedenbergite,Ca Zn.496 Fe.504 Si2 O6,0,0,1,0,0,0,0,0,0,0,6,0,2,0,0.504,0,0.496,0,0,10,9.8447,9.0175,5.2614,105.342,450.434,,,monoclinic,C2/c,Physics and Chemistry of Minerals 32 (2005) 552-563,
Hedenbergite,(Ca.85 Na.15) Fe Si2 O6,0,0,0.85,0,0,0,0,0,0.15,0,6,0,2,0,0.85,0.15,0,0,0,10,9.8067,8.9852,5.2886,105.356,449.369,,298 K,monoclinic,C2/c,American Mineralogist 91 (2006) 1271-1292,Locality: synthetic
Augite,(Ca0.80Fe1.20)Si2O6,0,0,0.8,0,0,0,0,0,0,0,6,0,2,0,1.2,0,0,0,0,10,9.821,9.042,5.242,105.38,448.8,,,monoclinic,C2/c,American Mineralogist 58 (1973) 50-59,"Synthetic 100,40"
Hedenbergite,Ca0.7883FeNa0.2117Si2O6,0,0,0.788,0,0,0,0,0,0.212,0,6,0,2,0,0.7883,0.2117,0,0,0,10,9.804,8.972,5.263,105.4,446.36,,,monoclinic,C2/c,Mineralogical Magazine 37 (1969) 216-229,Synthetic: Ae21.17Hd78.83
Hedenbergite,(CaFe0.523Mg0.477)Si2O6,0,0,1,0,0,0,0.477,0,0,0,6,0,2,0,0.523,0,0,0,0,10,9.802,8.976,5.254,105.4,445.69,,,monoclinic,C2/c,American Mineralogist 54 (1969) 238-245,Synthetic #WD 186
Hedenbergite,Ca (Zn.587 Fe.413) Si2 O6,0,0,1,0,0,0,0,0,0,0,6,0,2,0,0.413,0,0.587,0,0,10,9.8369,9.0043,5.2605,105.435,449.14,,,monoclinic,C2/c,Physics and Chemistry of Minerals 32 (2005) 552-563,
Diopside,CaMg0.5339Fe0.4661Si2O6,0,0,1,0,0,0,0.534,0,0,0,6,0,2,0,0.466,0,0,0,0,10,9.804,8.971,5.253,105.46,445.3,,,monoclinic,C2/c,Mineralogical Magazine 37 (1969) 216-229,Synthetic: Di53.39Hd46.61
Hedenbergite,(CaFe0.523Mg0.477)Si2O6,0,0,1,0,0,0,0.477,0,0,0,6,0,2,0,0.523,0,0,0,0,10,9.801,8.974,5.248,105.46,444.92,,,monoclinic,C2/c,American Mineralogist 54 (1969) 238-245,Synthetic #WD 167
Hedenbergite,(Ca0.90Fe0.825Mg0.275)Si2O6,0,0,0.9,0,0,0,0.275,0,0,0,6,0,2,0,0.825,0,0,0,0,10,9.814,9.002,5.249,105.46,447,,,monoclinic,C2/c,American Mineralogist 58 (1973) 50-59,"Synthetic 75,45"
Augite,(CaMg0.589Fe0.411)Si2O6,0,0,1,0,0,0,0.589,0,0,0,6,0,2,0,0.411,0,0,0,0,10,9.794,8.966,5.257,105.47,444.94,,,monoclinic,C2/c,American Mineralogist 54 (1969) 238-245,Synthetic #WD 232
Augite,(CaMg0.589Fe0.411)Si2O6,0,0,1,0,0,0,0.589,0,0,0,6,0,2,0,0.411,0,0,0,0,10,9.794,8.963,5.249,105.48,444,,,monoclinic,C2/c,American Mineralogist 54 (1969) 238-245,Synthetic #WD 162
Johannsenite,Ca Mn Si2 O6,0,0,1,0,0,0,0,1,0,0,6,0,2,0,0,0,0,0,0,10,9.978,9.156,5.293,105.48,466.019,,,monoclinic,C2/c,American Mineralogist 52 (1967) 709-720,
Augite,(CaMg0.589Fe0.411)Si2O6,0,0,1,0,0,0,0.589,0,0,0,6,0,2,0,0.411,0,0,0,0,10,9.789,8.96,5.251,105.49,443.85,,,monoclinic,C2/c,American Mineralogist 54 (1969) 238-245,Synthetic #WD 163
Diopside,(Ca1.00Mg0.50Fe0.50)Si2O6,0,0,1,0,0,0,0.5,0,0,0,6,0,2,0,0.5,0,0,0,0,10,9.7955,8.9725,5.252,105.49,445.4,,,monoclinic,C2/c,American Mineralogist 58 (1973) 50-59,"Synthetic 50,50"
Hedenbergite,(Ca.758 Na.242) Fe Si2 O6,0,0,0.758,0,0,0,0,0,0.242,0,6,0,2,0,0.758,0.242,0,0,0,10,9.7929,8.9656,5.2696,105.496,445.848,,298 K,monoclinic,C2/c,American Mineralogist 91 (2006) 1271-1292,Locality: synthetic
Diopside,CaMg0.6321Fe0.3679Si2O6,0,0,1,0,0,0,0.632,0,0,0,6,0,2,0,0.368,0,0,0,0,10,9.793,8.962,5.254,105.5,444.28,,,monoclinic,C2/c,Mineralogical Magazine 37 (1969) 216-229,Synthetic: Di63.21Hd36.79
Diopside,(Mg.52 Fe.48) Ca Si2 O6,0,0,1,0,0,0,0.52,0,0,0,6,0,2,0,0.48,0,0,0,0,10,9.795,8.979,5.2545,105.5,445.322,,,monoclinic,C2/c,The Canadian Mineralogist 28 (1990) 93-109,
Hedenbergite,(Ca.742 Na.258) Fe Si2 O6,0,0,0.742,0,0,0,0,0,0.258,0,6,0,2,0,0.742,0.258,0,0,0,10,9.7938,8.9685,5.2632,105.52,445.44,,298 K,monoclinic,C2/c,American Mineralogist 91 (2006) 1271-1292,Locality: synthetic
Hedenbergite,(Na.25 Ca.75) Fe Si2 O6,0,0,0.75,0,0,0,0,0,0.25,0,6,0,2,0,0.75,0.25,0,0,0,10,9.7951,8.9698,5.2634,105.523,445.574,,,monoclinic,C2/c,European Journal of Mineralogy 12 (2000) 105-120,
Diopside,CaMg0.7278Fe0.2722Si2O6,0,0,1,0,0,0,0.728,0,0,0,6,0,2,0,0.272,0,0,0,0,10,9.78,8.954,5.253,105.59,443.08,,,monoclinic,C2/c,Mineralogical Magazine 37 (1969) 216-229,Synthetic: Di72.78Hd27.22
Diopside,(CaMg0.717Fe0.283)Si2O6,0,0,1,0,0,0,0.717,0,0,0,6,0,2,0,0.283,0,0,0,0,10,9.782,8.96,5.243,105.59,442.66,,,monoclinic,C2/c,American Mineralogist 54 (1969) 238-245,Synthetic #WD 123
Petedunnite,(Ca0.92Na0.06Mn0.02)(Zn0.37Mn0.18Fe0.19Fe0.12Mg0.14)(Si1.94Al0.06)O6,0.06,0,0.92,0,0,0,0.14,0.2,0.06,0,6,0,1.94,0,0.19,0.12,0.37,0,0,10,9.82,9,5.27,105.6,448,,,monoclinic,C2/c,American Mineralogist 72 (1987) 157-166,"Locality: Franklin, New Jersey, USA"
Hedenbergite,Ca0.6848FeNa0.3152Si2O6,0,0,0.685,0,0,0,0,0,0.315,0,6,0,2,0,0.6848,0.3152,0,0,0,10,9.784,8.953,5.268,105.6,444.45,,,monoclinic,C2/c,Mineralogical Magazine 37 (1969) 216-229,Synthetic: Ae31.52Hd68.48
Diopside,(CaMg0.717Fe0.283)Si2O6,0,0,1,0,0,0,0.717,0,0,0,6,0,2,0,0.283,0,0,0,0,10,9.782,8.952,5.255,105.6,443.23,,,monoclinic,C2/c,American Mineralogist 54 (1969) 238-245,Synthetic #WD 161
Augite,(Ca0.70Fe1.30)Si2O6,0,0,0.7,0,0,0,0,0,0,0,6,0,2,0,1.3,0,0,0,0,10,9.8095,9.05,5.238,105.61,447.9,,,monoclinic,C2/c,American Mineralogist 58 (1973) 50-59,"Synthetic 100,35"
Hedenbergite,Fe1.3 Ca.7 Si2 O6,0,0,0.7,0,0,0,0,0,0,0,6,0,2,0,1.3,0,0,0,0,10,9.819,9.056,5.242,105.61,448.931,,,monoclinic,C2/c,American Mineralogist 98 (2013) 1227-1234,Locality: synthetic
Burnettite,Ca1.04[(V3+0.29Sc0.24Ti3+0.13Al0.09)Ti4+0.12Mg0.08](Si1.01Al0.99)O6,1.08,0,1.04,0,0,0,0.08,0,0,0,6,0.24,1.01,0.29,0,0,0,0.12,0.13,9.99,9.8,8.85,5.36,105.62,447.704,,,monoclinic,C2/c,Lunar and Planetary Science 47 (2016) 1595-1595,Locality: Allende CV3 meteorite
Grossmanite,Ca1.00[(Ti+30.35Al0.18Sc0.01V+30.01)Mg0.25Ti+40.19](Si1.07Al0.93)O6,1.11,0,1,0,0,0,0.25,0,0,0,6,0.01,1.07,0.01,0,0,0,0.19,0.35,9.99,9.8,8.85,5.36,105.62,447.7,,,monoclinic,C2/c,American Mineralogist 94 (2009) 1491-1494,"Locality: Allende meteorite, Pueblito de Allende, Chihuahua, Mexico"
Diopside,(CaMg0.796Fe0.204)Si2O6,0,0,1,0,0,0,0.796,0,0,0,6,0,2,0,0.204,0,0,0,0,10,9.774,8.944,5.249,105.64,441.88,,,monoclinic,C2/c,American Mineralogist 54 (1969) 238-245,Synthetic #WD 130
Diopside,(CaMg0.796Fe0.204)Si2O6,0,0,1,0,0,0,0.796,0,0,0,6,0,2,0,0.204,0,0,0,0,10,9.772,8.945,5.253,105.65,442.15,,,monoclinic,C2/c,American Mineralogist 54 (1969) 238-245,Synthetic #WD 144A
Diopside,(CaMg0.796Fe0.204)Si2O6,0,0,1,0,0,0,0.796,0,0,0,6,0,2,0,0.204,0,0,0,0,10,9.771,8.946,5.253,105.66,442.08,,,monoclinic,C2/c,American Mineralogist 54 (1969) 238-245,Synthetic #WD 160
Diopside,(Ca1Mg0.70Fe0.30)Si2O6,0,0,1,0,0,0,0.7,0,0,0,6,0,2,0,0.3,0,0,0,0,10,9.7755,8.955,5.251,105.67,443.1,,,monoclinic,C2/c,American Mineralogist 58 (1973) 50-59,"Synthetic 30,50"
Diopside,(Mg.74 Fe.26) Ca Si2 O6,0,0,1,0,0,0,0.74,0,0,0,6,0,2,0,0.26,0,0,0,0,10,9.773,8.9523,5.2524,105.676,442.444,,,monoclinic,C2/c,The Canadian Mineralogist 28 (1990) 93-109,
Diopside,(CaMg0.921Fe0.079)Si2O6,0,0,1,0,0,0,0.921,0,0,0,6,0,2,0,0.079,0,0,0,0,10,9.767,8.936,5.246,105.68,440.84,,,monoclinic,C2/c,American Mineralogist 54 (1969) 238-245,Synthetic #WD 129A
Diopside,CaMg0.8209Fe0.1791Si2O6,0,0,1,0,0,0,0.821,0,0,0,6,0,2,0,0.179,0,0,0,0,10,9.765,8.941,5.25,105.68,441.32,,,monoclinic,C2/c,Mineralogical Magazine 37 (1969) 216-229,Synthetic: Di82.09Hd17.91
Diopside,(Ca1Mg0.80Fe0.20)Si2O6,0,0,1,0,0,0,0.8,0,0,0,6,0,2,0,0.2,0,0,0,0,10,9.771,8.947,5.25,105.68,442,,,monoclinic,C2/c,American Mineralogist 58 (1973) 50-59,"Synthetic 20,50"
Diopside,Ca.752 Mg.749 K.23 Al.301 Si1.968 O6,0.301,0,0.752,0,0.23,0,0.749,0,0,0,6,0,1.968,0,0,0,0,0,0,10,9.803,8.985,5.263,105.69,446.292,,,monoclinic,C2/c,European Journal of Mineralogy 14 (2002) 929-934,
Diopside,(CaMg0.861Fe0.139)Si2O6,0,0,1,0,0,0,0.861,0,0,0,6,0,2,0,0.139,0,0,0,0,10,9.77,8.943,5.252,105.69,441.75,,,monoclinic,C2/c,American Mineralogist 54 (1969) 238-245,Synthetic #WD 190
Augite,(Ca0.80Mg0.30Fe0.90)Si2O6,0,0,0.8,0,0,0,0.3,0,0,0,6,0,2,0,0.9,0,0,0,0,10,9.797,9.002,5.243,105.7,445.2,,,monoclinic,C2/c,American Mineralogist 58 (1973) 50-59,"Synthetic 75,40"
Diopside,(Mg.82 Fe.18) Ca Si2 O6,0,0,1,0,0,0,0.82,0,0,0,6,0,2,0,0.18,0,0,0,0,10,9.7634,8.9488,5.2504,105.726,441.56,,,monoclinic,C2/c,The Canadian Mineralogist 28 (1990) 93-109,
Diopside,(CaMg0.921Fe0.079)Si2O6,0,0,1,0,0,0,0.921,0,0,0,6,0,2,0,0.079,0,0,0,0,10,9.775,8.936,5.244,105.74,440.91,,,monoclinic,C2/c,American Mineralogist 54 (1969) 238-245,Synthetic #WD 137
Augite,Ca.61 Fe.13 Mg.43 Mn.01 K.17 Na.05 Al Si1.61 O6,1,0,0.61,0,0.17,0,0.43,0.01,0.05,0,6,0,1.61,0,0.13,0,0,0,0,10.01,9.773,8.926,5.269,105.75,442.378,,,monoclinic,C2/c,American Mineralogist 88 (2003) 464-468,
Diopside,(Ca1.00Mg0.90Fe0.10)Si2O6,0,0,1,0,0,0,0.9,0,0,0,6,0,2,0,0.1,0,0,0,0,10,9.762,8.936,5.249,105.75,441,,,monoclinic,C2/c,American Mineralogist 58 (1973) 50-59,"Synthetic 10,50"
Diopside,(CaMg0.921Fe0.079)Si2O6,0,0,1,0,0,0,0.921,0,0,0,6,0,2,0,0.079,0,0,0,0,10,9.772,8.934,5.253,105.76,441.32,,,monoclinic,C2/c,American Mineralogist 54 (1969) 238-245,Synthetic #WD 159
Diopside,CaMg0.9116Fe0.0884Si2O6,0,0,1,0,0,0,0.912,0,0,0,6,0,2,0,0.088,0,0,0,0,10,9.759,8.934,5.254,105.77,440.86,,,monoclinic,C2/c,Mineralogical Magazine 37 (1969) 216-229,Synthetic: Di91.16Hd8.84
Diopside,CaMgSi2O6,0,0,1,0,0,0,1,0,0,0,6,0,2,0,0,0,0,0,0,10,9.748,8.924,5.251,105.79,439.48,,,monoclinic,C2/c,Mineralogical Magazine 37 (1969) 216-229,Synthetic: Di100
Diopside,(CaMg)Si2O6,0,0,1,0,0,0,1,0,0,0,6,0,2,0,0,0,0,0,0,10,9.75,8.927,5.254,105.79,439.99,,,monoclinic,C2/c,American Mineralogist 54 (1969) 238-245,Synthetic #WD 170
Petedunnite,Ca Zn Si2 O6,0,0,1,0,0,0,0,0,0,0,6,0,2,0,0,0,1,0,0,10,9.8243,8.9939,5.2608,105.794,447.289,,,monoclinic,C2/c,Physics and Chemistry of Minerals 32 (2005) 552-563,
Esseneite,Fe.61 Al1.34 Ca.97 Si1.08 O6,1.34,0,0.97,0,0,0,0,0,0,0,6,0,1.08,0,0.11,0.5,0,0,0,10,9.79,8.822,5.37,105.81,446.248,,,monoclinic,C2/c,American Mineralogist 72 (1987) 148-156,
Diopside,(CaMg0.941Fe0.059)Si2O6,0,0,1,0,0,0,0.941,0,0,0,6,0,2,0,0.059,0,0,0,0,10,9.757,8.937,5.245,105.82,440.05,,,monoclinic,C2/c,American Mineralogist 54 (1969) 238-245,Synthetic #WD 191
Diopside,(Ni.74 Mg.26) Ca Si2 O6,0,0,1,0,0,0,0.26,0,0,0.74,6,0,2,0,0,0,0,0,0,10,9.7372,8.8986,5.2313,105.826,436.097,,,monoclinic,C2/c,American Mineralogist 75 (1990) 1274-1281,
Diopside,Ni Ca Si2 O6,0,0,1,0,0,0,0,0,0,1,6,0,2,0,0,0,0,0,0,10,9.7359,8.8932,5.2284,105.83,435.524,,,monoclinic,C2/c,American Mineralogist 75 (1990) 1274-1281,
Diopside,(CaMg)Si2O6,0,0,1,0,0,0,1,0,0,0,6,0,2,0,0,0,0,0,0,10,9.755,8.926,5.241,105.84,439.04,,,monoclinic,C2/c,American Mineralogist 54 (1969) 238-245,Synthetic #WD 98C
Diopside,(CaMg)Si2O6,0,0,1,0,0,0,1,0,0,0,6,0,2,0,0,0,0,0,0,10,9.754,8.933,5.252,105.84,440.22,,,monoclinic,C2/c,American Mineralogist 54 (1969) 238-245,Synthetic #WD 222
Diopside,(Ni.45 Mg.55) Ca Si2 O6,0,0,1,0,0,0,0.55,0,0,0.45,6,0,2,0,0,0,0,0,0,10,9.739,8.9094,5.2375,105.848,437.177,,,monoclinic,C2/c,American Mineralogist 75 (1990) 1274-1281,
Diopside,(Ni.22 Mg.78) Ca Si2 O6,0,0,1,0,0,0,0.78,0,0,0.22,6,0,2,0,0,0,0,0,0,10,9.7393,8.9095,5.2418,105.85,437.55,,,monoclinic,C2/c,American Mineralogist 75 (1990) 1274-1281,
Diopside,(CaMg)Si2O6,0,0,1,0,0,0,1,0,0,0,6,0,2,0,0,0,0,0,0,10,9.7485,8.931,5.249,105.85,439.6,,,monoclinic,C2/c,American Mineralogist 58 (1973) 50-59,"Synthetic 0,50"
Davisite,Sc Ca (Al Si) O6,1,0,1,0,0,0,0,0,0,0,6,1,1,0,0,0,0,0,0,10,9.884,8.988,5.446,105.86,465.391,,,monoclinic,C2/c,"Journal of the Japanese Association of Mineralogists, Petrologists and Economic Geologists 73 (1978)",Locality: synthetic
Diopside,Si2 Mg Ca O6,0,0,1,0,0,0,1,0,0,0,6,0,2,0,0,0,0,0,0,10,9.7456,8.9198,5.2516,105.86,439.137,1 atm,,monoclinic,C2/c,American Mineralogist 66 (1981) 315-323,
Diopside,Mg Ca Si2 O6,0,0,1,0,0,0,1,0,0,0,6,0,2,0,0,0,0,0,0,10,9.7397,8.9174,5.2503,105.866,438.631,1 atm,,monoclinic,C2/c,American Mineralogist 93 (2008) 177-186,"Locality: DeKalb, New York"
Augite,(Ca0.80Mg0.48Fe0.72)Si2O6,0,0,0.8,0,0,0,0.48,0,0,0,6,0,2,0,0.72,0,0,0,0,10,9.781,8.982,5.244,105.87,443.2,,,monoclinic,C2/c,American Mineralogist 58 (1973) 50-59,"Synthetic 60,40"
Hedenbergite,(Na.24 Ca.76) (Al.24 Fe.76) Si2 O6,0.24,0,0.76,0,0,0,0,0,0.24,0,6,0,2,0,0.76,0,0,0,0,10,9.734,8.9103,5.2682,105.904,439.436,,,monoclinic,C2/c,American Mineralogist 92 (2007) 1492-1501,Locality: synthetic
Augite,(Ca0.70Mg0.195Fe1.105)Si2O6,0,0,0.7,0,0,0,0.195,0,0,0,6,0,2,0,1.105,0,0,0,0,10,9.8,9.03,5.244,105.92,446.3,,,monoclinic,C2/c,American Mineralogist 58 (1973) 50-59,"Synthetic 85,35"
Hedenbergite,Fe1.4 Ca.6 Si2 O6,0,0,0.6,0,0,0,0,0,0,0,6,0,2,0,1.4,0,0,0,0,10,9.806,9.068,5.238,105.92,447.903,,,monoclinic,C2/c,American Mineralogist 98 (2013) 1227-1234,Locality: synthetic
Diopside,Mg1.11 Ca.89 Si2 O6,0,0,0.89,0,0,0,1.11,0,0,0,6,0,2,0,0,0,0,0,0,10,9.747,8.9235,5.2524,105.939,439.276,,,monoclinic,C2/c,The Canadian Mineralogist 28 (1990) 93-109,
Diopside,Mg Ca Si2 O6,0,0,1,0,0,0,1,0,0,0,6,0,2,0,0,0,0,0,0,10,9.747,8.9235,5.2524,105.939,439.276,,,monoclinic,C2/c,American Mineralogist 75 (1990) 1274-1281,
Hedenbergite,Ca0.5828FeNa0.4172Si2O6,0,0,0.583,0,0,0,0,0,0.417,0,6,0,2,0,0.5828,0.4172,0,0,0,10,9.757,8.927,5.272,105.96,441.49,,,monoclinic,C2/c,Mineralogical Magazine 37 (1969) 216-229,Synthetic: Ae41.72Hd58.28
Augite,(Ca0.80Mg0.60Fe0.60)Si2O6,0,0,0.8,0,0,0,0.6,0,0,0,6,0,2,0,0.6,0,0,0,0,10,9.767,8.956,5.249,105.97,441.4,,,monoclinic,C2/c,American Mineralogist 58 (1973) 50-59,"Synthetic 50,40"
Diopside,Mg.91 Fe.1 Al.06 Ca.91 Na.05 Si1.97 O6,0.06,0,0.91,0,0,0,0.91,0,0.05,0,6,0,1.97,0,0.05,0.05,0,0,0,10,9.739,8.913,5.253,106.02,438.272,,,monoclinic,C2/c,American Mineralogist 76 (1991) 1141-1152,
Augite,(Ca0.70Mg0.325Fe0.975)Si2O6,0,0,0.7,0,0,0,0.325,0,0,0,6,0,2,0,0.975,0,0,0,0,10,9.791,9.001,5.242,106.02,444,,,monoclinic,C2/c,American Mineralogist 58 (1973) 50-59,"Synthetic 75,35"
Hedenbergite,(Ca.615 Na.385) Fe Si2 O6,0,0,0.615,0,0,0,0,0,0.385,0,6,0,2,0,0.615,0.385,0,0,0,10,9.756,8.9252,5.2739,106.031,441.363,,298 K,monoclinic,C2/c,American Mineralogist 91 (2006) 1271-1292,Locality: synthetic
Petedunnite,Ca Zn Si2 O6,0,0,1,0,0,0,0,0,0,0,6,0,2,0,0,0,1,0,0,10,9.7955,8.9781,5.251,106.033,443.836,,,monoclinic,C2/c,Acta Crystallographica C61 (2005) i20-i22,Locality: synthetic
Hedenbergite,(Na.4 Ca.6) Fe Si2 O6,0,0,0.6,0,0,0,0,0,0.4,0,6,0,2,0,0.6,0.4,0,0,0,10,9.7598,8.9277,5.2748,106.041,441.712,,,monoclinic,C2/c,European Journal of Mineralogy 12 (2000) 105-120,
Augite,(Ca0.80Mg0.84Fe0.36)Si2O6,0,0,0.8,0,0,0,0.84,0,0,0,6,0,2,0,0.36,0,0,0,0,10,9.757,8.943,5.246,106.05,439.9,,,monoclinic,C2/c,American Mineralogist 58 (1973) 50-59,"Synthetic 30,40"
Diopside,Mg.955 Fe.059 Al.029 Cr.071 Ca.798 K.073 Na.023 Si1.992 O6,0.029,0,0.798,0.071,0.073,0,0.955,0,0.023,0,6,0,1.992,0,0.059,0,0,0,0,10,9.7476,8.9478,5.2622,106.056,441.063,,,monoclinic,C2/c,American Mineralogist 81 (1996) 632-638,
Kushiroite,Si Al2 Ca O6,2,0,1,0,0,0,0,0,0,0,6,0,1,0,0,0,0,0,0,10,9.609,8.652,5.274,106.06,421.353,,,monoclinic,C2/c,American Mineralogist 59 (1974) 549-557,
Diopside,Ca.82 Na.168 Mg.846 Ti.272 Si1.882 B.022 O6,0,0.028,0.891,0,0,0,0.905,0,0.104,0,6,0,1.927,0,0,0,0,0.067,0.081,10.00,9.756,8.929,5.269,106.06,441.076,,,monoclinic,C2/c,European Journal of Mineralogy 16 (2004) 443-449,
Hedenbergite,(Ca.55 Na.45) Fe Si2 O6,0,0,0.55,0,0,0,0,0,0.45,0,6,0,2,0,0.55,0.45,0,0,0,10,9.7428,8.9091,5.275,106.126,439.852,,298 K,monoclinic,C2/c,American Mineralogist 91 (2006) 1271-1292,Locality: synthetic
Diopside,Ca.896 Mg.887 K.072 Al.209 Si1.936 O6,0.209,0,0.896,0,0.072,0,0.887,0,0,0,6,0,1.936,0,0,0,0,0,0,10,9.744,8.904,5.273,106.14,439.457,,,monoclinic,C2/c,European Journal of Mineralogy 14 (2002) 929-934,
Diopside,(Ca0.892Mg1.108)Si2O6,0,0,0.892,0,0,0,1.108,0,0,0,6,0,2,0,0,0,0,0,0,10,9.739,8.919,5.25,106.15,438.2,,,monoclinic,C2/c,American Mineralogist 58 (1973) 50-59,"Synthetic 0,44.6"
Diopside,Ca.836 Na.14 Mg.892 Ti.206 Si1.888 B.024 O6,0,0.024,0.83,0,0,0,0.896,0,0.14,0,6,0,1.872,0,0,0,0,0.161,0.068,9.99,9.765,8.929,5.284,106.19,442.45,,,monoclinic,C2/c,European Journal of Mineralogy 16 (2004) 443-449,
Aegirine,Na0.5178FeCa0.4822Si2O6,0,0,0.482,0,0,0,0,0,0.518,0,6,0,2,0,0.4822,0.5178,0,0,0,10,9.737,8.904,5.278,106.21,439.41,,,monoclinic,C2/c,Mineralogical Magazine 37 (1969) 216-229,Synthetic: Ae51.78Hd48.22
Aegirine,(Na.512 Ca.488) Fe Si2 O6,0,0,0.488,0,0,0,0,0,0.512,0,6,0,2,0,0.488,0.512,0,0,0,10,9.7412,8.9086,5.2776,106.221,439.76,,,monoclinic,C2/c,American Mineralogist 91 (2006) 1271-1292,Locality: synthetic
Hedenbergite,(Ca.506 Na.494) Fe Si2 O6,0,0,0.506,0,0,0,0,0,0.494,0,6,0,2,0,0.506,0.494,0,0,0,10,9.7412,8.9086,5.2776,106.221,439.76,,,monoclinic,C2/c,American Mineralogist 91 (2006) 1271-1292,Locality: synthetic
Aegirine,(Na.5 Ca.5) Fe Si2 O6,0,0,0.5,0,0,0,0,0,0.5,0,6,0,2,0,0.5,0.5,0,0,0,10,9.7441,8.9103,5.2791,106.225,440.091,,,monoclinic,C2/c,European Journal of Mineralogy 12 (2000) 105-120,
Hedenbergite,(Na.5 Ca.5) Fe Si2 O6,0,0,0.5,0,0,0,0,0,0.5,0,6,0,2,0,0.5,0.5,0,0,0,10,9.7441,8.9103,5.2791,106.225,440.091,,,monoclinic,C2/c,European Journal of Mineralogy 12 (2000) 105-120,
Augite,(Ca0.80Mg0.96Fe0.24)Si2O6,0,0,0.8,0,0,0,0.96,0,0,0,6,0,2,0,0.24,0,0,0,0,10,9.745,8.935,5.246,106.23,438.6,,,monoclinic,C2/c,American Mineralogist 58 (1973) 50-59,"Synthetic 20,40"
Ferrosilite,Fe1.5 Ca.5 Si2 O6,0,0,0.5,0,0,0,0,0,0,0,6,0,2,0,1.5,0,0,0,0,10,9.793,9.078,5.238,106.27,447.014,,,monoclinic,C2/c,American Mineralogist 98 (2013) 1227-1234,Locality: synthetic
Clinoferrosilite,Fe1.6 Ca.4 Si2 O6,0,0,0.4,0,0,0,0,0,0,0,6,0,2,0,1.6,0,0,0,0,10,9.76,9.057,5.234,106.3,444.07,,,monoclinic,C2/c,American Mineralogist 60 (1975) 423-434,
Diopside,Mg.83 Cr.09 Al.1 Fe.05 Ca.78 Na.18 Si1.97 O6,0.1,0,0.78,0.09,0,0,0.83,0,0.18,0,6,0,1.97,0,0,0.05,0,0,0,10,9.693,8.889,5.253,106.34,434.323,,,monoclinic,C2/c,American Mineralogist 76 (1991) 1141-1152,
Diopside,Ca.8 Mg1.2 Si2 O6,0,0,0.8,0,0,0,1.2,0,0,0,6,0,2,0,0,0,0,0,0,10,9.7323,8.9152,5.2464,106.357,436.782,,,monoclinic,C2/c,The Canadian Mineralogist 43 (2005) 1411-1421,Locality: synthetic
Diopside,(Ca.58 Na.42) Mg.5 Fe.5 Si2 O6,0,0,0.58,0,0,0,0.5,0,0.42,0,6,0,2,0,0.08,0.42,0,0,0,10,9.663,8.813,5.2184,106.4,426.318,,,monoclinic,C2/c,Australian Journal of Mineralogy 14 (2008) 43-45,"Locality: Mount Anakie, Victoria, Australia"
Diopside,Mg.94 Mn.19 Ca.87 Si2 O6,0,0,0.87,0,0,0,0.94,0.19,0,0,6,0,2,0,0,0,0,0,0,10,9.76,8.93,5.27,106.44,440.538,,,monoclinic,C2/c,American Mineralogist 66 (1981) 127-141,
Augite,(Ca0.60Mg0.35Fe1.05)Si2O6,0,0,0.6,0,0,0,0.35,0,0,0,6,0,2,0,1.05,0,0,0,0,10,9.767,9.015,5.242,106.44,442.7,,,monoclinic,C2/c,American Mineralogist 58 (1973) 50-59,"Synthetic 75,30"
Diopside,Si1.99 Al.029 Cr.223 V.257 Mg.488 Fe.011 Ti.001 Mn.001 (Ca.509 Na.491) O6,0.029,0,0.509,0.223,0,0,0.488,0.001,0.491,0,6,0,1.99,0.257,0.011,0,0,0.001,0,10,9.6774,8.8479,5.2662,106.446,432.468,,,monoclinic,C2/c,American Mineralogist 87 (2002) 709-714,
Diopside,(Na.5 Ca.5) (Cr.5 Mg.5) Si2 O6,0,0,0.5,0.5,0,0,0.5,0,0.5,0,6,0,2,0,0,0,0,0,0,10,9.658,8.834,5.263,106.46,430.63,,25 C,monoclinic,C2/c,European Journal of Mineralogy 17 (2005) 297-304,
Diopside,Si1.982 Al.035 Cr.247 V.244 Mg.484 Fe.007 Mn.001 (Ca.51 Na.49) O6,0.035,0,0.51,0.247,0,0,0.484,0.001,0.49,0,6,0,1.982,0.244,0.007,0,0,0,0,10,9.6718,8.8412,5.267,106.483,431.874,,,monoclinic,C2/c,American Mineralogist 87 (2002) 709-714,
Aegirine,Na0.6170FeCa0.3830Si2O6,0,0,0.383,0,0,0,0,0,0.617,0,6,0,2,0,0.383,0.617,0,0,0,10,9.721,8.876,5.282,106.49,437.04,,,monoclinic,C2/c,Mineralogical Magazine 37 (1969) 216-229,Synthetic: Ae61.70Hd38.30
Diopside,Mg.83 Al.19 Fe.08 Ti.01 Ca.71 Na.2 Si1.98 O6,0.192,0,0.708,0.005,0,0,0.821,0,0.204,0,6,0,1.981,0,0.051,0.031,0,0.008,0,10.00,9.678,8.853,5.255,106.52,431.659,,,monoclinic,C2/c,American Mineralogist 76 (1991) 1141-1152,
Diopside,Mg.65 Al.28 Fe.13 Ti.01 Ca.65 Na.26 Si2 O6,0.28,0,0.65,0,0,0,0.65,0,0.26,0,6,0,2,0,0.13,0,0,0.01,0,9.98,9.654,8.831,5.255,106.52,429.519,,,monoclinic,C2/c,American Mineralogist 76 (1991) 1141-1152,
Diopside,(Na.5 Ca.5) (Cr.5 Mg.5) Si2 O6,0,0,0.5,0.5,0,0,0.5,0,0.5,0,6,0,2,0,0,0,0,0,0,10,9.656,8.833,5.262,106.5281,430.259,,25 C,monoclinic,C2/c,European Journal of Mineralogy 17 (2005) 297-304,
Aegirine,(Na.604 Ca.396) Fe Si2 O6,0,0,0.396,0,0,0,0,0,0.604,0,6,0,2,0,0.396,0.604,0,0,0,10,9.7176,8.8792,5.2828,106.53,436.985,,298 K,monoclinic,C2/c,American Mineralogist 91 (2006) 1271-1292,Locality: synthetic
Diopside,Ca.737 Na.022 Mg1.052 Fe.116 Mn.003 Al.109 Ti.001 Cr.04 Si1.934 O6,0.109,0,0.737,0.04,0,0,1.052,0.003,0.022,0,6,0,1.934,0,0.101,0.001,0,0.001,0,10,9.724,8.898,5.256,106.56,435.908,,,monoclinic,C2/c,Physics and Chemistry of Minerals 19 (1992) 213-219,"Locality: sample from Pico Cabugi, Brazil"
Diopside,Ca.72 Na.027 Mg1.03 Fe.111 Mn.003 Al.189 Ti.003 Cr.04 Si1.891 O6,0.189,0,0.72,0.04,0,0,1.03,0.003,0.027,0,6,0,1.891,0,0.087,0.01,0,0.003,0,10,9.716,8.887,5.26,106.57,435.319,,,monoclinic,C2/c,Physics and Chemistry of Minerals 19 (1992) 213-219,"Locality: sample from Pico Cabugi, Brazil"
Natalyite,Si2 Al.046 Cr.238 V.257 Mg.461 (Ca.463 Na.537) O6,0.046,0,0.463,0.238,0,0,0.461,0,0.537,0,6,0,2,0.257,0,0,0,0,0,10.00,9.6582,8.8273,5.2665,106.577,430.338,,,monoclinic,C2/c,American Mineralogist 87 (2002) 709-714,
Diopside,Ca.712 Na.048 Mg1.007 Fe.11 Mn.003 Al.187 Ti.003 Cr.046 Si1.902 O6,0.187,0,0.712,0.046,0,0,1.007,0.003,0.048,0,6,0,1.902,0,0.087,0.005,0,0.003,0,10,9.712,8.878,5.262,106.59,434.819,,,monoclinic,C2/c,Physics and Chemistry of Minerals 19 (1992) 213-219,"Locality: sample from Pico Cabugi, Brazil"
Diopside,Si1.988 Al.029 Cr.298 V.285 Mg.388 Fe.011 Mn.001 (Ca.413 Na.587) O6,0.029,0,0.413,0.298,0,0,0.388,0.001,0.587,0,6,0,1.988,0.285,0.011,0,0,0,0,10,9.6595,8.8263,5.2686,106.596,430.476,,,monoclinic,C2/c,American Mineralogist 87 (2002) 709-714,
Aegirine,(Na.6 Ca.4) Fe Si2 O6,0,0,0.4,0,0,0,0,0,0.6,0,6,0,2,0,0.4,0.6,0,0,0,10,9.7189,8.8818,5.2835,106.598,437.075,,,monoclinic,C2/c,European Journal of Mineralogy 12 (2000) 105-120,
Hedenbergite,Fe1.5 Ca.5 Si2 O6,0,0,0.5,0,0,0,0,0,0,0,6,0,2,0,1.5,0,0,0,0,10,9.781,9.072,5.246,106.6,446.094,,,monoclinic,C2/c,American Mineralogist 60 (1975) 423-434,
Natalyite,Si1.986 Al.04 Cr.165 V.403 Mg.402 Fe.003 Ti.001 (Ca.418 Na.582) O6,0.04,0,0.418,0.165,0,0,0.402,0,0.582,0,6,0,1.986,0.403,0.003,0,0,0.001,0,10,9.6631,8.8263,5.2709,106.601,430.814,,,monoclinic,C2/c,American Mineralogist 87 (2002) 709-714,
Diopside,Ca.694 Na.052 Mg.997 Fe.123 Mn.003 Al.207 Ti.002 Cr.046 Si1.892 O6,0.207,0,0.694,0.046,0,0,0.997,0.003,0.052,0,6,0,1.892,0,0.096,0.011,0,0.002,0,10,9.709,8.875,5.263,106.62,434.553,,,monoclinic,C2/c,Physics and Chemistry of Minerals 19 (1992) 213-219,"Locality: sample from Pico Cabugi, Brazil"
Augite,(Ca0.60Mg0.56Fe0.84)Si2O6,0,0,0.6,0,0,0,0.56,0,0,0,6,0,2,0,0.84,0,0,0,0,10,9.752,8.981,5.249,106.63,440.5,,,monoclinic,C2/c,American Mineralogist 58 (1973) 50-59,"Synthetic 60,30"
Aegirine,(Na.711 Ca.289) Fe Si2 O6,0,0,0.289,0,0,0,0,0,0.711,0,6,0,2,0,0.289,0.711,0,0,0,10,9.6993,8.8579,5.2813,106.637,434.75,,298 K,monoclinic,C2/c,American Mineralogist 91 (2006) 1271-1292,Locality: synthetic
Augite,(Ca0.50Mg0.375Fe1.125)Si2O6,0,0,0.5,0,0,0,0.375,0,0,0,6,0,2,0,1.125,0,0,0,0,10,9.771,9.019,5.244,106.65,442.7,,,monoclinic,C2/c,American Mineralogist 58 (1973) 50-59,"Synthetic 75,25"
Augite,(Ca0.60Mg0.70Fe0.70)Si2O6,0,0,0.6,0,0,0,0.7,0,0,0,6,0,2,0,0.7,0,0,0,0,10,9.741,8.953,5.248,106.67,438.5,,,monoclinic,C2/c,American Mineralogist 58 (1973) 50-59,"Synthetic 50,30"
Augite,(Ca0.60Mg0.98Fe0.42)Si2O6,0,0,0.6,0,0,0,0.98,0,0,0,6,0,2,0,0.42,0,0,0,0,10,9.745,8.939,5.244,106.69,437.6,,,monoclinic,C2/c,American Mineralogist 58 (1973) 50-59,"Synthetic 30,30"
Augite,(Ca0.60Mg1.12Fe0.28)Si2O6,0,0,0.6,0,0,0,1.12,0,0,0,6,0,2,0,0.28,0,0,0,0,10,9.734,8.921,5.244,106.73,436.1,,,monoclinic,C2/c,American Mineralogist 58 (1973) 50-59,"Synthetic 20,30"
Diopside,Ca.7 Mg1.3 Si2 O6,0,0,0.7,0,0,0,1.3,0,0,0,6,0,2,0,0,0,0,0,0,10,9.7264,8.9133,5.2485,106.742,435.728,,,monoclinic,C2/c,The Canadian Mineralogist 43 (2005) 1411-1421,Locality: synthetic
Augite,(Ca0.50Mg0.225Fe1.275)Si2O6,0,0,0.5,0,0,0,0.225,0,0,0,6,0,2,0,1.275,0,0,0,0,10,9.772,9.038,5.245,106.75,443.4,,,monoclinic,C2/c,American Mineralogist 58 (1973) 50-59,"Synthetic 85,25"
Diopside,Ca.654 Na.078 Mg.957 Fe.126 Mn.004 Al.288 Ti.01 Cr.041 Si1.863 O6,0.288,0,0.654,0.041,0,0,0.957,0.004,0.078,0,6,0,1.863,0,0.102,0.003,0,0.01,0,10,9.692,8.853,5.265,106.76,432.564,,,monoclinic,C2/c,Physics and Chemistry of Minerals 19 (1992) 213-219,"Locality: sample from Pico Cabugi, Brazil"
Aegirine,(Na.75 Ca.25) Fe Si2 O6,0,0,0.25,0,0,0,0,0,0.75,0,6,0,2,0,0.25,0.75,0,0,0,10,9.6977,8.8519,5.2861,106.765,434.488,,,monoclinic,C2/c,European Journal of Mineralogy 12 (2000) 105-120,
Aegirine,(Na.751 Ca.249) Fe Si2 O6,0,0,0.249,0,0,0,0,0,0.751,0,6,0,2,0,0.249,0.751,0,0,0,10,9.6953,8.8491,5.2856,106.778,434.172,,298 K,monoclinic,C2/c,American Mineralogist 91 (2006) 1271-1292,Locality: synthetic
Diopside,Mg.72 Al.22 Fe.2 Ca.61 Na.25 Si2 O6,0.22,0,0.61,0,0,0,0.72,0,0.25,0,6,0,2,0,0.17,0.03,0,0,0,10,9.662,8.841,5.253,106.78,429.614,,,monoclinic,C2/c,American Mineralogist 76 (1991) 1141-1152,
Aegirine,Na0.7146FeCa0.2852Si2O6,0,0,0.2852,0,0,0,0,0,0.7146,0,6,0,2,0,0.2852,0.7146,0,0,0,10.00,9.707,8.858,5.29,106.78,435.51,,,monoclinic,C2/c,Mineralogical Magazine 37 (1969) 216-229,Synthetic: Ae71.46Hd28.52
Diopside,Ca.645 Na.094 Mg.957 Fe.128 Mn.002 Al.255 Ti.008 Cr.044 Si1.883 O6,0.255,0,0.645,0.044,0,0,0.957,0.002,0.094,0,6,0,1.883,0,0.099,0.013,0,0.008,0,10,9.699,8.861,5.267,106.87,433.181,,,monoclinic,C2/c,Physics and Chemistry of Minerals 19 (1992) 213-219,"Locality: sample from Pico Cabugi, Brazil"
Aegirine,(Na.825 Ca.175) Fe Si2 O6,0,0,0.175,0,0,0,0,0,0.825,0,6,0,2,0,0.175,0.825,0,0,0,10,9.6804,8.8337,5.2831,106.877,432.32,,,monoclinic,C2/c,American Mineralogist 91 (2006) 1271-1292,Locality: synthetic
Diopside,Mg.65 Fe.15 Ti.01 Al.32 Ca.55 Na.3 Si2 O6,0.32,0,0.55,0,0,0,0.65,0,0.3,0,6,0,2,0,0.15,0,0,0.01,0,9.98,9.628,8.808,5.254,106.88,426.36,,,monoclinic,C2/c,American Mineralogist 76 (1991) 1141-1152,
Diopside,Mg.957 Al.25 Fe.112 Ti.008 Cr.044 Ca.645 Na.094 Mn.002 Si1.888 O6,0.25,0,0.645,0.044,0,0,0.957,0.002,0.094,0,6,0,1.888,0,0.112,0,0,0.008,0,10,9.678,8.836,5.257,106.9,430.137,,,monoclinic,C2/c,European Journal of Mineralogy 7 (1995) 141-149,
Jadeite,Al.68 Mg.37 Fe.03 (Na.55 Ca.45) Si1.92 O6,0.68,0,0.45,0,0,0,0.37,0,0.55,0,6,0,1.92,0,0,0.03,0,0,0,10,9.545,8.713,5.246,106.9,417.445,,,monoclinic,C2/c,American Mineralogist 76 (1991) 1141-1152,
Aegirine,Na0.8112FeCa0.1888Si2O6,0,0,0.189,0,0,0,0,0,0.811,0,6,0,2,0,0.1888,0.8112,0,0,0,10,9.691,8.837,5.292,106.95,433.54,,,monoclinic,C2/c,Mineralogical Magazine 37 (1969) 216-229,Synthetic: Ae81.12Hd18.88
Aegirine,(Na.851 Ca.149) Fe Si2 O6,0,0,0.149,0,0,0,0,0,0.851,0,6,0,2,0,0.149,0.851,0,0,0,10,9.6654,8.8184,5.2805,106.976,430.464,,,monoclinic,C2/c,American Mineralogist 91 (2006) 1271-1292,Locality: synthetic
Diopside,Mg.66 Al.27 Fe.24 Ti.01 Mn.01 Ca.52 Na.29 Si2 O6,0.27,0,0.52,0,0,0,0.66,0.01,0.29,0,6,0,2,0,0.24,0,0,0.01,0,10,9.644,8.82,5.256,107.04,427.449,,,monoclinic,C2/c,American Mineralogist 76 (1991) 1141-1152,
Aegirine,(Na.9 Ca.1) Fe Si2 O6,0,0,0.1,0,0,0,0,0,0.9,0,6,0,2,0,0.1,0.9,0,0,0,10,9.6714,8.8152,5.2926,107.166,431.122,,,monoclinic,C2/c,European Journal of Mineralogy 12 (2000) 105-120,
Kosmochlor,Si2 (Cr.478 V.428 Mg.056 Al.033 Ti.003 Fe.001 Mn.001) (Ca.055 Na.945) O6,0.033,0,0.055,0.478,0,0,0.056,0.001,0.945,0,6,0,2,0.428,0.001,0,0,0.003,0,10,9.6072,8.7413,5.2771,107.172,423.413,,,monoclinic,C2/c,American Mineralogist 87 (2002) 709-714,
Aegirine,(Na.898 Ca.102) Fe Si2 O6,0,0,0.102,0,0,0,0,0,0.898,0,6,0,2,0,0.102,0.898,0,0,0,10,9.6666,8.8099,5.2916,107.195,430.5,,298 K,monoclinic,C2/c,American Mineralogist 91 (2006) 1271-1292,Locality: synthetic
Aegirine,Na0.9063FeCa0.0937Si2O6,0,0,0.094,0,0,0,0,0,0.906,0,6,0,2,0,0.0937,0.9063,0,0,0,10,9.671,8.82,5.293,107.21,431.22,,,monoclinic,C2/c,Mineralogical Magazine 37 (1969) 216-229,Synthetic: Ae90.63Hd9.37
Jervisite,Na Sc Si2 O6,0,0,0,0,0,0,0,0,1,0,6,1,2,0,0,0,0,0,0,10,9.8438,9.0439,5.354,107.215,455.294,,,monoclinic,C2/c,Acta Crystallographica B29 (1973) 2615-2616,Locality: synthetic
Diopside,Ca.59 Mg1.41 Si2 O6,0,0,0.59,0,0,0,1.41,0,0,0,6,0,2,0,0,0,0,0,0,10,9.711,8.8935,5.2452,107.278,432.559,,,monoclinic,C2/c,The Canadian Mineralogist 43 (2005) 1411-1421,Locality: synthetic
Aegirine,(Na.951 Ca.049) Fe Si2 O6,0,0,0.049,0,0,0,0,0,0.951,0,6,0,2,0,0.049,0.951,0,0,0,10,9.6554,8.7998,5.29,107.304,429.125,,298 K,monoclinic,C2/c,American Mineralogist 91 (2006) 1271-1292,Locality: synthetic
Aegirine,Na Fe Si2 O6,0,0,0,0,0,0,0,0,1,0,6,0,2,0,0,1,0,0,0,10,9.6543,8.807,5.2943,107.316,429.748,,,monoclinic,C2/c,European Journal of Mineralogy 12 (2000) 105-120,
Aegirine,Na Fe Si2 O6,0,0,0,0,0,0,0,0,1,0,6,0,2,0,0,1,0,0,0,10,9.6549,8.7947,5.2938,107.394,428.952,,,monoclinic,C2/c,European Journal of Mineralogy 12 (2000) 105-120,
Aegirine,Na Fe Si2 O6,0,0,0,0,0,0,0,0,1,0,6,0,2,0,0,1,0,0,0,10,9.6554,8.7952,5.2942,107.396,429.026,,298 K,monoclinic,C2/c,American Mineralogist 91 (2006) 1271-1292,Locality: synthetic
Augite,(Ca0.40Mg0.40Fe1.20)Si2O6,0,0,0.4,0,0,0,0.4,0,0,0,6,0,2,0,1.2,0,0,0,0,10,9.749,9.018,5.247,107.4,440,,,monoclinic,C2/c,American Mineralogist 58 (1973) 50-59,"Synthetic 75,20"
Aegirine,NaFeSi2O6,0,0,0,0,0,0,0,0,1,0,6,0,2,0,0,1,0,0,0,10,9.658,8.795,5.294,107.42,429.1,,,monoclinic,C2/c,Mineralogical Magazine 37 (1969) 216-229,Synthetic: Ae100
Kosmochlor,NaCrSi2O6,0,0,0,1,0,0,0,0,1,0,6,0,2,0,0,0,0,0,0,10,9.55,8.712,5.273,107.44,418.6,,,monoclinic,C2/c,Mineralogical Society of America Special Paper 2 (1969) 31-50,Synthetic
Kosmochlor,Na Cr Si2 O6,0,0,0,1,0,0,0,0,1,0,6,0,2,0,0,0,0,0,0,10,9.572,8.7094,5.2678,107.498,418.836,0.0001 GPa,,monoclinic,C2/c,American Mineralogist 88 (2003) 1025-1032,
Jadeite,Na (Al.74 Fe.26) Si2 O6,0.74,0,0,0,0,0,0,0,1,0,6,0,2,0,0,0.26,0,0,0,10,9.4781,8.618,5.2449,107.57,408.429,,,monoclinic,C2/c,American Mineralogist 92 (2007) 1492-1501,Locality: synthetic
Jadeite,Na Al Si2 O6,1,0,0,0,0,0,0,0,1,0,6,0,2,0,0,0,0,0,0,10,9.4242,8.5657,5.2242,107.578,402.031,0.0001 GPa,,monoclinic,C2/c,American Mineralogist 93 (2008) 198-209,"Locality: Clear Creek, San Benito County, California"
Aegirine,Na Fe Si2 O6,0,0,0,0,0,0,0,0,1,0,6,0,2,0,0,1,0,0,0,10,9.6623,8.8,5.2956,107.579,429.248,,,monoclinic,C2/c,American Mineralogist 92 (2007) 1492-1501,Locality: synthetic
Jadeite,Na Al Si2 O6,1,0,0,0,0,0,0,0,1,0,6,0,2,0,0,0,0,0,0,10,9.418,8.562,5.219,107.58,401.189,,,monoclinic,C2/c,American Mineralogist 51 (1966) 956-975,
Aegirine,Na (Al.35 Fe.65) Si2 O6,0.35,0,0,0,0,0,0,0,1,0,6,0,2,0,0,0.65,0,0,0,10,9.5663,8.704,5.2733,107.6,418.529,,,monoclinic,C2/c,American Mineralogist 92 (2007) 1492-1501,Locality: synthetic
Jadeite,Na Al Si2 O6,1,0,0,0,0,0,0,0,1,0,6,0,2,0,0,0,0,0,0,10,9.4278,8.5651,5.2262,107.624,402.208,,,monoclinic,C2/c,American Mineralogist 92 (2007) 1492-1501,Locality: synthetic
Augite,(Ca0.30Mg0.255Fe1.445)Si2O6,0,0,0.3,0,0,0,0.255,0,0,0,6,0,2,0,1.445,0,0,0,0,10,9.746,9.055,5.255,107.7,441.8,,,monoclinic,C2/c,American Mineralogist 58 (1973) 50-59,"Synthetic 85,15"
Augite,(Ca0.40Mg0.48Fe1.12)Si2O6,0,0,0.4,0,0,0,0.48,0,0,0,6,0,2,0,1.12,0,0,0,0,10,9.74,8.998,5.251,107.77,438.2,,,monoclinic,C2/c,American Mineralogist 58 (1973) 50-59,"Synthetic 70,20"
Augite,(Ca0.40Mg0.64Fe0.96)Si2O6,0,0,0.4,0,0,0,0.64,0,0,0,6,0,2,0,0.96,0,0,0,0,10,9.731,8.984,5.258,107.82,437.6,,,monoclinic,C2/c,American Mineralogist 58 (1973) 50-59,"Synthetic 60,20"
Augite,(Ca0.40Mg1.28Fe0.32)Si2O6,0,0,0.4,0,0,0,1.28,0,0,0,6,0,2,0,0.32,0,0,0,0,10,9.718,8.902,5.239,107.85,431.4,,,monoclinic,C2/c,American Mineralogist 58 (1973) 50-59,"Synthetic 20,20"
Augite,(Ca0.30Mg0.425Fe1.275)Si2O6,0,0,0.3,0,0,0,0.425,0,0,0,6,0,2,0,1.275,0,0,0,0,10,9.744,9.021,5.256,108.06,439.2,,,monoclinic,C2/c,American Mineralogist 58 (1973) 50-59,"Synthetic 75,15"
Augite,(Ca0.40Mg0.80Fe0.80)Si2O6,0,0,0.4,0,0,0,0.8,0,0,0,6,0,2,0,0.8,0,0,0,0,10,9.727,8.942,5.255,108.1,434.4,,,monoclinic,C2/c,American Mineralogist 58 (1973) 50-59,"Synthetic 50,20"
Augite,(Ca0.20Mg1.44Fe0.36)Si2O6,0,0,0.2,0,0,0,1.44,0,0,0,6,0,2,0,0.36,0,0,0,0,10,9.655,8.876,5.201,108.46,422.8,,,monoclinic,C2/c,American Mineralogist 58 (1973) 50-59,"Synthetic 20,10"
Augite,(Ca0.10Mg1.52Fe0.38)Si2O6,0,0,0.1,0,0,0,1.52,0,0,0,6,0,2,0,0.38,0,0,0,0,10,9.652,8.872,5.206,108.55,422.6,,,monoclinic,C2/c,American Mineralogist 58 (1973) 50-59,"Synthetic 20,5"
Spodumene,Li Al Si2 O6,1,0,0,0,0,1,0,0,0,0,6,0,2,0,0,0,0,0,0,10,9.474,8.39,5.219,110.07,389.65,,,monoclinic,C2/c,Zeitschrift fur Kristallographie 219 (2004) 278-294,Locality: synthetic
Spodumene,Li Al Si2 O6,1,0,0,0,0,1,0,0,0,0,6,0,2,0,0,0,0,0,0,10,9.479,8.403,5.223,110.14,390.585,,298 K,monoclinic,C2/c,The Canadian Mineralogist 41 (2003) 521-527,
Spodumene,Li Al Si2 O6,1,0,0,0,0,1,0,0,0,0,6,0,2,0,0,0,0,0,0,10,9.4628,8.3882,5.2186,110.187,388.785,0 GPa,,monoclinic,C2/c,Physics and Chemistry of Minerals 27 (2000) 719-731,
Omphacite,Si4 Al.868 Fe.317 Mg.815 (Ca1.03 Na.97) O12,0.434,0,0.515,0,0,0,0.4075,0,0.485,0,6,0,2,0,0.1085,0.05,0,0,0,10,9.585,8.776,5.26,106.8,423.576,,,monoclinic,P2/n,American Mineralogist 60 (1975) 634-641,
Omphacite,(Fe.475 Al.525) (Ca.492 Na.508) Si2 O6,0.525,0,0.492,0,0,0,0,0,0.508,0,6,0,2,0,0.475,0,0,0,0,10,9.622,8.826,5.279,106.92,428.906,,,monoclinic,P2/n,The Canadian Mineralogist 13 (1975) 62-67,
Omphacite,(Fe.518 Al.481) (Ca.466 Na.534) Si2 O6,0.481,0,0.466,0,0,0,0,0,0.534,0,6,0,2,0,0.458,0.06,0,0,0,10.00,9.622,8.826,5.279,106.92,428.906,,,monoclinic,P2/n,The Canadian Mineralogist 13 (1975) 62-67,
Pigeonite,(Fe1.50Ca0.50)Si2O6,0,0,0.5,0,0,0,0,0,0,0,6,0,2,0,1.5,0,0,0,0,10,9.781,9.072,5.232,106.3,445.6,,,monoclinic,P21/c,American Mineralogist 58 (1973) 50-59,"Synthetic 100,25"
Clinoenstatite,(Mg1.212Ca0.788)Si2O6,0,0,0.788,0,0,0,1.212,0,0,0,6,0,2,0,0,0,0,0,0,10,9.731,8.916,5.25,106.39,436.5,,,monoclinic,P21/c,American Mineralogist 58 (1973) 50-59,"Synthetic 0,39.4"
Pigeonite,(Fe1.80Ca0.20)Si2O6,0,0,0.2,0,0,0,0,0,0,0,6,0,2,0,1.8,0,0,0,0,10,9.765,9.081,5.231,106.69,444.3,,,monoclinic,P21/c,American Mineralogist 58 (1973) 50-59,"Synthetic 100,20"
Clinoenstatite,(Mg1.314Ca0.686)Si2O6,0,0,0.686,0,0,0,1.314,0,0,0,6,0,2,0,0,0,0,0,0,10,9.723,8.908,5.25,106.78,435,,,monoclinic,P21/c,American Mineralogist 58 (1973) 50-59,"Synthetic 0,34.3"
Clinoenstatite,(Mg1.416Ca0.584)Si2O6,0,0,0.584,0,0,0,1.416,0,0,0,6,0,2,0,0,0,0,0,0,10,9.714,8.903,5.25,107.27,433.8,,,monoclinic,P21/c,American Mineralogist 58 (1973) 50-59,"Synthetic 0,29.2"
Clinoferrosilite,(Fe1.80Ca0.20)Si2O6,0,0,0.2,0,0,0,0,0,0,0,6,0,2,0,1.8,0,0,0,0,10,9.745,9.083,5.225,107.3,441.5,,,monoclinic,P21/c,American Mineralogist 58 (1973) 50-59,"Synthetic 100,10"
Clinoferrosilite,Si2 Fe1.7 Ca.3 O6,0,0,0.3,0,0,0,0,0,0,0,6,0,2,0,1.7,0,0,0,0,10,9.779,9.088,5.258,107.39,445.928,,,monoclinic,P21/c,American Mineralogist 60 (1975) 423-434,
Enstatite,Ca.4 Mg1.6 Si2 O6,0,0,0.4,0,0,0,1.6,0,0,0,6,0,2,0,0,0,0,0,0,10,9.7042,8.8805,5.2423,108.084,429.455,,,monoclinic,P21/c,The Canadian Mineralogist 43 (2005) 1411-1421,Locality: synthetic
Clinoferrosilite,(Fe1.90Ca0.10)Si2O6,0,0,0.1,0,0,0,0,0,0,0,6,0,2,0,1.9,0,0,0,0,10,9.724,9.092,5.226,108.14,439.1,,,monoclinic,P21/c,American Mineralogist 58 (1973) 50-59,"Synthetic 100,5"
Clinoenstatite,Mg2Si2O6,0,0,0,0,0,0,2,0,0,0,6,0,2,0,0,0,0,0,0,10,9.59,8.812,5.159,108.15,414.3,,,monoclinic,P21/c,American Mineralogist 58 (1973) 50-59,"Synthetic 0,0"
Pigeonite,(Mg0.27Fe1.53Ca0.20)Si2O6,0,0,0.2,0,0,0,0.27,0,0,0,6,0,2,0,1.53,0,0,0,0,10,9.74,9.046,5.259,108.2,440.2,,,monoclinic,P21/c,American Mineralogist 58 (1973) 50-59,"Synthetic 85,10"
Pigeonite,(Mg1.12Fe0.48Ca0.40)Si2O6,0,0,0.4,0,0,0,1.12,0,0,0,6,0,2,0,0.48,0,0,0,0,10,9.707,8.919,5.249,108.22,431.6,,,monoclinic,P21/c,American Mineralogist 58 (1973) 50-59,"Synthetic 30,20"
Enstatite,Ca.23 Mg1.77 Si2 O6,0,0,0.23,0,0,0,1.77,0,0,0,6,0,2,0,0,0,0,0,0,10,9.69,8.862,5.229,108.31,426.295,,,monoclinic,P21/c,European Journal of Mineralogy 14 (2002) 549-555,
Clinoenstatite,O6 Si2 Mg1.85 Ca.15,0,0,0.15,0,0,0,1.85,0,0,0,6,0,2,0,0,0,0,0,0,10,9.651,8.846,5.202,108.34,421.551,,25 C,monoclinic,P21/c,American Mineralogist 87 (2002) 648-657,Locality: synthetic
Enstatite,Ca.2 Mg1.8 Si2 O6,0,0,0.2,0,0,0,1.8,0,0,0,6,0,2,0,0,0,0,0,0,10,9.6655,8.8534,5.2138,108.349,423.474,,,monoclinic,P21/c,The Canadian Mineralogist 43 (2005) 1411-1421,Locality: synthetic
Clinoenstatite,Mg Si O3,0,0,0,0,0,0,2,0,0,0,6,0,2,0,0,0,0,0,0,10,9.606,8.8131,5.17,108.35,415.429,,,monoclinic,P21/c,Physics and Chemistry of Minerals 10 (1984) 217-229,
Clinoenstatite,Mg2Si2O6,0,0,0,0,0,0,2,0,0,0,6,0,2,0,0,0,0,0,0,10,9.6076,8.8152,5.1702,108.35,415.61,,,monoclinic,P21/c,Physics and Chemistry of Minerals 25 (1998) 249-258,En100 - XFs 0.000 Synthetic
Pigeonite,Mg1.85 Ca.15 Si2 O6,0,0,0.15,0,0,0,1.85,0,0,0,6,0,2,0,0,0,0,0,0,10,9.646,8.842,5.201,108.35,421.037,0 GPa,,monoclinic,P21/c,American Mineralogist 89 (2004) 189-196,
Enstatite,Ca.15 Mg1.85 Si2 O6,0,0,0.15,0,0,0,1.85,0,0,0,6,0,2,0,0,0,0,0,0,10,9.654,8.845,5.203,108.37,421.642,,,monoclinic,P21/c,European Journal of Mineralogy 14 (2002) 549-555,
Clinoenstatite,O6 Si2 Mg1.85 Ca.15,0,0,0.15,0,0,0,1.85,0,0,0,6,0,2,0,0,0,0,0,0,10,9.651,8.846,5.202,108.38,421.453,,25 C,monoclinic,P21/c,American Mineralogist 87 (2002) 648-657,Locality: synthetic
Pigeonite,Mg1.85 Ca.15 Si2 O6,0,0,0.15,0,0,0,1.85,0,0,0,6,0,2,0,0,0,0,0,0,10,9.651,8.846,5.252,108.38,425.504,,,monoclinic,P21/c,European Journal of Mineralogy 15 (2003) 903-911,
Pigeonite,(Mg0.45Fe1.35Ca0.20)Si2O6,0,0,0.2,0,0,0,0.45,0,0,0,6,0,2,0,1.35,0,0,0,0,10,9.732,9.015,5.258,108.38,437.7,,,monoclinic,P21/c,American Mineralogist 58 (1973) 50-59,"Synthetic 75,10"
Clinoenstatite,(Mg1.812Ca0.188)Si2O6,0,0,0.188,0,0,0,1.812,0,0,0,6,0,2,0,0,0,0,0,0,10,9.653,8.848,5.202,108.41,421.5,,,monoclinic,P21/c,American Mineralogist 58 (1973) 50-59,"Synthetic 0,9.4"
Clinoferrosilite,Fe2Si2O6,0,0,0,0,0,0,0,0,0,0,6,0,2,0,2,0,0,0,0,10,9.709,9.087,5.228,108.43,437.6,,,monoclinic,P21/c,American Mineralogist 58 (1973) 50-59,"Synthetic 100,0"
Clinoenstatite,(Mg1.78Fe0.22(2))Si2O6,0,0,0,0,0,0,1.78,0,0,0,6,0,2,0,0.22,0,0,0,0,10,9.6194,8.8396,5.1793,108.438,417.8,,,monoclinic,P21/c,Physics and Chemistry of Minerals 25 (1998) 249-258,Synthetic UHP-1037 - XFs 0.108
Pigeonite,(Mg0.460Fe2+0.414Ca0.098Mn0.013Fe3+0.008Na0.002)(Si0.985Al0.016Ti0.005Cr0.001)O3,0.032,0,0.196,0.002,0,0,0.92,0.026,0.004,0,6,0,1.97,0,0.844,0,0,0.01,0,10.00,9.7138,8.9404,5.2495,108.44,432.49,,,monoclinic,P21/c,Mineralogy and Petrology 77 (2003) 161-176,"Sample BTS308-3 from Paranà, Brazil"
Clinoenstatite,(Mg1.86Ca0.14)Si2O6,0,0,0.14,0,0,0,1.86,0,0,0,6,0,2,0,0,0,0,0,0,10,9.65,8.84,5.18,108.45,419.2,,,monoclinic,P21/c,American Mineralogist 58 (1973) 50-59,"Synthetic 0,7"
Pigeonite,Mg.92 Fe.847 Ca.191 Mn.029 Na.003 Ti.01 Si1.984 Al.016 O6,0.016,0,0.191,0,0,0,0.92,0.029,0.003,0,6,0,1.984,0,0.847,0,0,0.01,0,10,9.7071,8.9435,5.2481,108.483,432.114,,,monoclinic,P21/c,American Mineralogist 90 (2005) 1816-1823,"Locality: Parana, Brazil"
Pigeonite,Mg.911 Fe.854 Al.033 Mn.027 Ti.01 Na.003 Ca.192 Si1.97 O6,0.033,0,0.192,0,0,0,0.911,0.027,0.003,0,6,0,1.97,0,0.854,0,0,0.01,0,10,9.716,8.948,5.25,108.49,432.867,,,monoclinic,P21/c,European Journal of Mineralogy 15 (2003) 903-911,
Pigeonite,Fe1.008 Mg.871 Ca.121 (Si1.98 Al.02) O6,0.02,0,0.121,0,0,0,0.871,0,0,0,6,0,1.98,0,0.99,0.018,0,0,0,10,9.749,8.937,5.246,108.49,433.473,0.0001 GPa,,monoclinic,P21/c,American Mineralogist 95 (2010) 300-311,"Locality: Parana, Brazil"
Pigeonite,(Mg.463 Fe.416 Mn.014 Ca.107) Si O3,0,0,0.214,0,0,0,0.926,0.028,0,0,6,0,2,0,0.832,0,0,0,0,10,9.719,8.947,5.251,108.49,433.035,,25 C,monoclinic,P21/c,Physics and Chemistry of Minerals 29 (2002) 331-340,
Pigeonite,(Mg0.72Fe1.08Ca0.20)Si2O6,0,0,0.2,0,0,0,0.72,0,0,0,6,0,2,0,1.08,0,0,0,0,10,9.712,8.978,5.244,108.49,433.7,,,monoclinic,P21/c,American Mineralogist 58 (1973) 50-59,"Synthetic 60,10"
Pigeonite,Fe1.008 Mg.871 Ca.121 (Si1.98 Al.02) O6,0.02,0,0.121,0,0,0,0.871,0,0,0,6,0,1.98,0,0.99,0.018,0,0,0,10,9.722,8.941,5.247,108.5,432.523,0.047 GPa,,monoclinic,P21/c,American Mineralogist 95 (2010) 300-311,"Locality: Parana, Brazil"
Pigeonite,Mg.919 Fe.848 Ca.191 Mn.029 Na.003 Ti.01 Si1.984 Al.016 O6,0.016,0,0.191,0,0,0,0.919,0.029,0.003,0,6,0,1.984,0,0.848,0,0,0.01,0,10,9.706,8.94,5.246,108.504,431.671,,,monoclinic,P21/c,American Mineralogist 90 (2005) 1816-1823,"Locality: Parana, Brazil"
Pigeonite,(Mg1.26Fe0.54Ca0.20)Si2O6,0,0,0.2,0,0,0,1.26,0,0,0,6,0,2,0,0.54,0,0,0,0,10,9.684,8.907,5.227,108.51,427.6,,,monoclinic,P21/c,American Mineralogist 58 (1973) 50-59,"Synthetic 30,10"
Kanoite,Mg1.131 Mn.799 Ca.07 Si2 O6,0,0,0.07,0,0,0,1.131,0.799,0,0,6,0,2,0,0,0,0,0,0,10,9.725,8.876,5.263,108.53,430.745,,,monoclinic,P21/c,European Journal of Mineralogy 8 (1996) 251-261,Locality: manganiferous quartzite in the United Arab Emirates
Pigeonite,(Mg0.92Fe0.92Ca0.16)Si2O6,0,0,0.16,0,0,0,0.92,0,0,0,6,0,2,0,0.92,0,0,0,0,10,9.689,8.93,5.232,108.53,429.2,,,monoclinic,P21/c,American Mineralogist 58 (1973) 50-59,"Synthetic 50,8"
Clinoenstatite,(Mg1.41Fe0.59(3))Si2O6,0,0,0,0,0,0,1.41,0,0,0,6,0,2,0,0.59,0,0,0,0,10,9.6434,8.8852,5.195,108.548,422.01,,,monoclinic,P21/c,Physics and Chemistry of Minerals 25 (1998) 249-258,Synthetic H-277B - XFs 0.296
Clinoferrosilite,(Fe1.80(1)Mg0.20)Si2O6,0,0,0,0,0,0,0.2,0,0,0,6,0,2,0,1.8,0,0,0,0,10,9.7011,9.0491,5.2321,108.556,435.43,,,monoclinic,P21/c,Physics and Chemistry of Minerals 25 (1998) 249-258,Synthetic H277a - XFs 0.899
Pigeonite,(Mg0.743Fe2+0.172Ca0.058Mn0.007Na0.003)(Si0.986Cr0.017Al0.014Ti0.001)O3,0.028,0,0.116,0.034,0,0,1.486,0.014,0.006,0,6,0,1.972,0,0.344,0,0,0.002,0,10.00,9.6746,8.8774,5.2156,108.561,424.64,,,monoclinic,P21/c,Mineralogy and Petrology 77 (2003) 161-176,"Sample PCA82506-1 from the Pecora Escarpment, Paranà, Brazil"
Pigeonite,(Mg0.90Fe0.90Ca0.20)Si2O6,0,0,0.2,0,0,0,0.9,0,0,0,6,0,2,0,0.9,0,0,0,0,10,9.703,8.947,5.238,108.57,431.1,,,monoclinic,P21/c,American Mineralogist 58 (1973) 50-59,"Synthetic 50,10"
Clinoenstatite,(Mg1.40Fe0.60)Si2O6,0,0,0,0,0,0,1.4,0,0,0,6,0,2,0,0.6,0,0,0,0,10,9.645,8.878,5.193,108.58,421.4,,,monoclinic,P21/c,American Mineralogist 58 (1973) 50-59,"Synthetic 30,0"
Clinoenstatite,(Mg1.20Fe0.80)Si2O6,0,0,0,0,0,0,1.2,0,0,0,6,0,2,0,0.8,0,0,0,0,10,9.649,8.9,5.199,108.59,423.2,,,monoclinic,P21/c,American Mineralogist 58 (1973) 50-59,"Synthetic 40,0"
Pigeonite,(Mg.61 Fe.39) Si O3,0,0,0,0,0,0,1.22,0,0,0,6,0,2,0,0.78,0,0,0,0,10,9.6519,8.9075,5.2004,108.59,423.773,,,monoclinic,P21/c,Physics and Chemistry of Minerals 25 (1998) 249-258,
Clinoenstatite,(Mg1.23Fe0.77(2))Si2O6,0,0,0,0,0,0,1.23,0,0,0,6,0,2,0,0.77,0,0,0,0,10,9.6519,8.9075,5.2004,108.59,423.77,,,monoclinic,P21/c,Physics and Chemistry of Minerals 25 (1998) 249-258,Synthetic H-162 - XFs 0.387
Pigeonite,Mg.78 Fe1.04 Ca.18 Si2 O6,0,0,0.18,0,0,0,0.78,0,0,0,6,0,2,0,1.04,0,0,0,0,10,9.706,8.95,5.246,108.59,431.936,,,monoclinic,P21/c,American Mineralogist 55 (1970) 1195-1209,"Locality: Isle of Mull, Scotland"
Clinoferrosilite,(Fe1.60(2)Mg0.40)Si2O6,0,0,0,0,0,0,0.4,0,0,0,6,0,2,0,1.6,0,0,0,0,10,9.6931,9.0199,5.2264,108.59,433.1,,,monoclinic,P21/c,Physics and Chemistry of Minerals 25 (1998) 249-258,Synthetic UHP1035 - XFs 0.801
Clinoferrosilite,(Fe1.60(2)Mg0.40)Si2O6,0,0,0,0,0,0,0.4,0,0,0,6,0,2,0,1.6,0,0,0,0,10,9.6913,9.0171,5.2263,108.598,432.87,,,monoclinic,P21/c,Physics and Chemistry of Minerals 25 (1998) 249-258,Synthetic U1056B - XFs 0.800
Kanoite,(Mg.52 Mn.48) Si O3,0,0,0,0,0,0,1.04,0.96,0,0,6,0,2,0,0,0,0,0,0,10,9.78,8.93,5.32,108.6,440.356,,,monoclinic,P21/c,American Mineralogist 66 (1981) 127-141,
Clinoferrosilite,(Fe1.38(2)Mg0.62)Si2O6,0,0,0,0,0,0,0.62,0,0,0,6,0,2,0,1.38,0,0,0,0,10,9.6837,8.9905,5.2202,108.604,430.73,,,monoclinic,P21/c,Physics and Chemistry of Minerals 25 (1998) 249-258,Synthetic H-346 - XFs 0.690
Clinoferrosilite,(Fe1.42(2)Mg0.58)Si2O6,0,0,0,0,0,0,0.58,0,0,0,6,0,2,0,1.42,0,0,0,0,10,9.6856,8.9964,5.2218,108.605,431.22,,,monoclinic,P21/c,Physics and Chemistry of Minerals 25 (1998) 249-258,Synthetic U1033 - XFs 0.711
Clinoenstatite,(Mg1.33Ca0.10Fe0.57)Si2O6,0,0,0.1,0,0,0,1.33,0,0,0,6,0,2,0,0.57,0,0,0,0,10,9.662,8.893,5.21,108.61,424.2,,,monoclinic,P21/c,American Mineralogist 58 (1973) 50-59,"Synthetic 30,5"
Clinoferrosilite,(Fe1.39(2)Mg0.61)Si2O6,0,0,0,0,0,0,0.61,0,0,0,6,0,2,0,1.39,0,0,0,0,10,9.6868,8.9936,5.2218,108.611,431.13,,,monoclinic,P21/c,Physics and Chemistry of Minerals 25 (1998) 249-258,Synthetic H-275 - XFs 0.694
Clinoferrosilite,(Fe1.14Ca0.10Mg0.76)Si2O6,0,0,0.1,0,0,0,0.76,0,0,0,6,0,2,0,1.14,0,0,0,0,10,9.684,8.958,5.227,108.62,429.7,,,monoclinic,P21/c,American Mineralogist 58 (1973) 50-59,"Synthetic 60,5"
Clinoferrosilite,(Fe1.29(3)Mg0.71)Si2O6,0,0,0,0,0,0,0.71,0,0,0,6,0,2,0,1.29,0,0,0,0,10,9.6761,8.9664,5.2171,108.623,428.93,,,monoclinic,P21/c,Physics and Chemistry of Minerals 25 (1998) 249-258,Synthetic H-157 - XFs 0.643
Clinoferrosilite,(Fe1.36(2)Mg0.64)Si2O6,0,0,0,0,0,0,0.64,0,0,0,6,0,2,0,1.36,0,0,0,0,10,9.6846,8.9898,5.2209,108.627,430.73,,,monoclinic,P21/c,Physics and Chemistry of Minerals 25 (1998) 249-258,Synthetic H-272 - XFs 0.680
Clinoferrosilite,(Fe1.19(2)Mg0.81)Si2O6,0,0,0,0,0,0,0.81,0,0,0,6,0,2,0,1.19,0,0,0,0,10,9.6744,8.963,5.2157,108.63,428.57,,,monoclinic,P21/c,Physics and Chemistry of Minerals 25 (1998) 249-258,Synthetic U1056A - XFs 0.5973
Pigeonite,(Mg0.518Fe2+0.365Ca0.096Mn0.008Fe3+0.005Na0.002)(Si0.984Al0.017Ti0.006)O3,0.034,0,0.192,0,0,0,1.036,0.016,0.004,0,6,0,1.968,0,0.73,0.01,0,0.012,0,10.00,9.7004,8.9227,5.2237,108.686,428.3,,,monoclinic,P21/c,Mineralogy and Petrology 77 (2003) 161-176,"Sample BTS302-3 from Paranà transitional basalt, Brazil"
Clinoferrosilite,(Fe1.20Mg0.80)Si2O6,0,0,0,0,0,0,0.8,0,0,0,6,0,2,0,1.2,0,0,0,0,10,9.667,8.961,5.216,108.69,428,,,monoclinic,P21/c,American Mineralogist 58 (1973) 50-59,"Synthetic 60,0"
Pigeonite,(Mg.54 Fe.46) Si O3,0,0,0,0,0,0,1.08,0,0,0,6,0,2,0,0.92,0,0,0,0,10,9.678,8.905,5.227,108.71,426.671,,,monoclinic,P21/c,American Mineralogist 56 (1971) 888-908,
Pigeonite,(Mg0.95Fe0.95Ca0.10)Si2O6,0,0,0.1,0,0,0,0.95,0,0,0,6,0,2,0,0.95,0,0,0,0,10,9.662,8.931,5.218,108.71,426.5,,,monoclinic,P21/c,American Mineralogist 58 (1973) 50-59,"Synthetic 50,5"
Kanoite,(Mg.578 Mn.422) Si O3,0,0,0,0,0,0,1.156,0.844,0,0,6,0,2,0,0,0,0,0,0,10,9.7196,8.9172,5.2465,108.74,430.616,0.0 GPa,,monoclinic,P21/c,American Mineralogist 83 (1998) 1176-1181,
Hedenbergite,Ca1.00(Fe2+0.67Mg0.17Mn2+0.16)Σ=1Si2.00O6,0,0,1,0,0,0,0.17,0.16,0,0,6,0,2,0,0.67,0,0,0,0,10,9.8344,9.023,5.237,104.7,449.498,,,monoclinic,C2/c,R070236,"Locality: Dal\'Negorsk, Primorskiy Kray; far eastern, Russia"
Hedenbergite,(Ca.993Na.007)(Fe.860Mn.111Mg.029)(Si.993Al.007)2O6,0.014,0,0.993,0,0,0,0.029,0.111,0.007,0,6,0,1.986,0,0.84,0.02,0,0,0,10,9.8416,9.0253,5.252,104.86,450.899,,,monoclinic,C2/c,R050030,"Locality: Heroult, Ontario, Canada"
Johannsenite,Ca1.00Mn2+1.02Si1.99O6,0,0,1,0,0,0,0,1.02,0,0,6,0,1.99,0,0,0,0,0,0,10.01,9.912,9.122,5.261,104.86,459.776,,,monoclinic,C2/c,R150013,"Locality: Wessels mine, Kalahari Manganese field, South Africa"
Hedenbergite,Ca1.00(Fe2+0.89Mg0.09Mn0.02)Σ=1Si2.00O6,0,0,1,0,0,0,0.09,0.02,0,0,6,0,2,0,0.89,0,0,0,0,10,9.846,9.0196,5.255,104.9,450.989,,,monoclinic,C2/c,R060040,"Locality: Rio Marina, Elba, Italy"
Johannsenite,(Ca0.97Na0.02)Σ=0.99(Mn2+0.86Mg0.11Fe0.04Zn0.02)Σ=1.03(Si1.99Al0.01)Σ=1O6,0.01,0,0.97,0,0,0,0.11,0.86,0.02,0,6,0,1.99,0,0.04,0,0.02,0,0,10.02,9.911,9.106,5.269,105.02,459.279,,,monoclinic,C2/c,R140753,"Locality: Franklin, Franklin Mining District, Sussex County, New Jersey, USA"
Petedunnite,(Ca0.94Mn0.06)Σ=1(Zn0.33Fe2+0.29Mg0.21Mn0.15Fe3+0.02)Σ=1(Si1.98Al0.02)Σ=2O6,0.02,0,0.94,0,0,0,0.21,0.21,0,0,6,0,1.98,0,0.29,0.02,0.33,0,0,10,9.76,8.96,5.223,105.57,439.988,,,monoclinic,C2/c,R070207,"Locality: Franklin, New Jersey, USA"
Diopside,Ca(Mg0.66Mn0.33Fe0.01)Si2O6,0,0,1,0,0,0,0.66,0.33,0,0,6,0,2,0,0.01,0,0,0,0,10,9.8104,8.9909,5.2641,105.618,447.173,,,monoclinic,C2/c,R050666,"Locality: Franklin, Sussex County, New Jersey, USA"
Diopside,Ca(Mg0.66Fe0.33Mn0.01)(Si0.95Al0.05)2O6,0.1,0,1,0,0,0,0.66,0.01,0,0,6,0,1.9,0,0.23,0.1,0,0,0,10,9.7738,8.9319,5.2683,105.69,442.778,,,monoclinic,C2/c,R050496,"Locality: New City Quarry, Riverside, Riverside County, Calfornia, USA"
Diopside,(Ca0.95Na0.04Mn0.01)Σ=1(Mg0.63Fe0.33Al0.04)Σ=1Si2.00O6,0.04,0,0.95,0,0,0,0.63,0.01,0.04,0,6,0,2,0,0.33,0,0,0,0,10,9.7658,8.941,5.2568,105.696,441.887,,,monoclinic,C2/c,R070123,"Locality: Yates mine, Otter Lake, Huddersfield Township, Pontiac County, Québec, Canada"
Diopside,(Ca0.99Mn0.01)Σ=1(Mg0.92Fe2+0.06Mn0.02)Σ=1(Si1.99Al0.01)Σ=2O6,0.01,0,0.99,0,0,0,0.92,0.03,0,0,6,0,1.99,0,0.06,0,0,0,0,10,9.7636,8.9353,5.2593,105.784,441.525,,,monoclinic,C2/c,R060061,"Locality: Oka, near Montreal, Quebec, Canada"
Diopside,Ca1.00(Mg0.98Mn0.02)Σ=1Si2.00O6,0,0,1,0,0,0,0.98,0.02,0,0,6,0,2,0,0,0,0,0,0,10,9.7564,8.9313,5.2528,105.809,440.402,,,monoclinic,C2/c,R060171,"Locality: Jeffrey mine, Asbestos, Quebec, Canada"
Diopside,(Ca0.95Na0.05)(Mg0.75Fe2+0.18Fe3+0.05Al0.01Ti0.01Mn2+0.01)(Si0.98Al0.02)2O6,0.05,0,0.95,0,0,0,0.75,0.01,0.05,0,6,0,1.96,0,0.18,0.05,0,0.01,0,10.01,9.7538,8.9225,5.2568,105.845,440.107,,,monoclinic,C2/c,R050406,Locality: unknown
Diopside,(Ca0.97Fe0.02Na0.01)Σ=1(Mg0.97Fe0.02Al0.01)Σ=1Si2.00O6,0.01,0,0.97,0,0,0,0.97,0,0.01,0,6,0,2,0,0.04,0,0,0,0,10,9.7481,8.923,5.2508,105.886,439.283,,,monoclinic,C2/c,R040009,"Locality: Otter Lake, Quebec, Canada"
Diopside,(Ca0.97Na0.03)Σ=1(Mg0.96Fe0.03Cr0.01)Σ=1(Si1.98Al0.02)Σ=2O6,0.02,0,0.97,0.01,0,0,0.96,0,0.03,0,6,0,1.98,0,0,0.03,0,0,0,10,9.7505,8.9255,5.2543,105.907,439.762,,,monoclinic,C2/c,R060276,"Locality: Inagli, Yakutia, Siberia, Russia"
Augite,(Mg0.44Fe0.37Ca0.17Ti0.01Mn0.01)Σ=1(Si0.98Al0.02)Σ=1O3,0.04,0,0.34,0,0,0,0.88,0.02,0,0,6,0,1.96,0,0.74,0,0,0.02,0,10,9.729,8.915,5.247,106.09,437.266,,,monoclinic,C2/c,R070231,"Locality: Old Goose Creek Quarry, Leesburg, Loudoun County, Virginia, USA"
Augite,(Ca0.88Mg0.83Fe0.13Al0.08Na0.04Ti0.03Cr0.01)Σ=2(Si1.89Al0.11)Σ=2O6,0.19,0,0.88,0.01,0,0,0.83,0,0.04,0,6,0,1.89,0,0.13,0,0,0.03,0,10,9.744,8.8954,5.2725,106.098,439.084,,,monoclinic,C2/c,R061086,"Locality: Boreslav, Teplitz, Bohemia, Czech Republic"
Augite,(Ca0.86Mg0.74Fe2+0.18Fe3+0.08Al0.05Ti0.04Na0.04Mn0.01)Σ=2(Si1.83Al0.17)Σ=2O6,0.22,0,0.86,0,0,0,0.74,0.01,0.04,0,6,0,1.83,0,0.18,0.08,0,0.04,0,10,9.745,8.902,5.271,106.1,439.325,,,monoclinic,C2/c,R061108,"Locality: Monti Rossi, near Mt. Etna, Sicily, Italy"
Diopside,(Ca0.97Na0.03)Σ=1(Mg0.79Fe2+0.10Fe3+0.04Al0.04Ti0.02Cr0.01)Σ=1(Si1.90Al0.10)Σ=2O6,0.14,0,0.97,0.01,0,0,0.79,0,0.03,0,6,0,1.9,0,0.1,0.04,0,0.02,0,10,9.7395,8.9089,5.2597,106.123,438.425,,,monoclinic,C2/c,R060085,"Locality: Tyrol, Austria"
Diopside,(Ca0.72Fe2+0.23Na0.05)Σ=1(Mg0.80Al0.15Ti0.03Fe3+0.02)Σ=1(Si1.82Al0.18)Σ=2O6,0.33,0,0.72,0,0,0,0.8,0,0.05,0,6,0,1.82,0,0.23,0.02,0,0.03,0,10,9.7197,8.8655,5.2747,106.556,435.677,,,monoclinic,C2/c,R060861,"Locality: Red Mountain Volcano, NW of Flagstaff, Arizona, USA"
Aegirine,(Na0.98Ca0.02)Σ=1(Fe3+0.96Ti0.01Mn0.03)Σ=1Si2.00O6,0,0,0.02,0,0,0,0,0.03,0.98,0,6,0,2,0,0,0.96,0,0.01,0,10,9.682,8.8145,5.306,107.08,432.853,,,monoclinic,C2/c,R050074,"Locality: Mt. Malosa, Zomba, Chilwa, Alkaline Area, Malawi"
Aegirine,Na1.00(Fe3+0.97Al0.02Cr0.01)Σ=1Si2.00O6,0.02,0,0,0.01,0,0,0,0,1,0,6,0,2,0,0,0.97,0,0,0,10,9.64,8.779,5.2873,107.33,427.149,,,monoclinic,C2/c,R061093,"Locality: Lacotal Breccia, Alto Chapere, Cochabamba, Bolivia"
Aegirine,Na1.00(Fe3+0.91Al0.07Mg0.01Ti0.01)Σ=1Si2.00O6,0.07,0,0,0,0,0,0.01,0,1,0,6,0,2,0,0,0.91,0,0.01,0,10,9.369,8.78,5.294,107.42,415.51,,,monoclinic,C2/c,R070125,"Locality: Ice River Alkaline Complex, Golden, British Columbia, Canada"
Kosmochlor,Na1.00(Cr0.99Fe3+0.01)Si2.00O6,0,0,0,0.99,0,0,0,0,1,0,6,0,2,0,0,0.01,0,0,0,10,9.572,8.7094,5.2678,107.498,418.836,,,monoclinic,C2/c,R120015,Locality: Synthetic
Jadeite,Na1.00Al1.00(Si0.99Al0.01)2O6,1.02,0,0,0,0,0,0,0,1,0,6,0,1.98,0,0,0,0,0,0,10,9.4257,8.5684,5.2255,107.565,402.351,,,monoclinic,C2/c,R050220,"Locality: Clear Creek, San Benito County, California, USA"
Jadeite,Na1.00(Al0.86Cr0.09Fe3+0.05)Σ=1Si2.00O6,0.86,0,0,0.09,0,0,0,0,1,0,6,0,2,0,0,0.05,0,0,0,10,9.463,8.606,5.245,107.57,407.219,,,monoclinic,C2/c,R070117,"Locality: Tawmaw (Tawhmaw; Taw Maw), Myitkyina-Mogaung District, Kachin State, Myanmar (Burma)"
Clinoenstatite,Mg1.00Si1.00O3,0,0,0,0,0,0,2,0,0,0,6,0,2,0,0,0,0,0,0,10,9.603,8.815,5.162,108.35,414.746,,,monoclinic,P21/c,R070276,"Locality: Synthetic, at 15 GPa and 1600 C by Juergen Konzett"
Kanoite,(Mn2+0.88Ca0.12)Σ=1(Mg0.98Fe3+0.02)Σ=1(Si0.98Al0.02)2O6,0.04,0,0.12,0,0,0,0.98,0.88,0,0,6,0,1.96,0,0,0.02,0,0,0,10,9.711,8.871,5.258,108.48,429.6,,,monoclinic,P21/c,R061134,"Locality: Balmat, St. Lawrence County, New York, USA"
Spodumene,Li1.00(Al0.99Fe3+0.01)Si2.00O6,0.99,0,0,0,0,1,0,0,0,0,6,0,2,0,0,0.01,0,0,0,10,9.4739,8.4006,5.2249,110.16,390.355,,,monoclinic,C2/c,R060039,"Locality: Black Hills, South Dakota, USA"
Spodumene,(Li0.99Na0.01)Al1.00Si2.00O6,1,0,0,0,0,0.99,0,0,0.01,0,6,0,2,0,0,0,0,0,0,10,9.4638,8.3909,5.2178,110.168,388.939,,,monoclinic,C2/c,R040050,"Locality: Minas Gerais, Brazil"
Spodumene,Li1.00Al1.00Si2.00O6,1,0,0,0,0,1,0,0,0,0,6,0,2,0,0,0,0,0,0,10,9.4666,8.3916,5.2199,110.17,389.238,,,monoclinic,C2/c,R050252,"Locality: Minas Gerais, Brazil"