mineral,chemistry,Al,Ca,Co,Fe2+,Mg,Mn,Ni,Zn,O,Si,a,b,c,volume,P,T,space group,citation text,notes
Forsterite,(Co Mg) Si O4,0,0,1,0,1,0,0,0,4,1,4.7717,10.2542,5.9914,293.159,,,Pbnm,Physics and Chemistry of Minerals 24 (1997) 17-23,
Forsterite,(Co Mg) Si O4,0,0,1,0,1,0,0,0,4,1,4.7715,10.2537,5.9912,293.123,,,Pbnm,Physics and Chemistry of Minerals 24 (1997) 17-23,
Forsterite,(Co Mg) Si O4,0,0,1,0,1,0,0,0,4,1,4.7713,10.2536,5.9915,293.122,,,Pbnm,Physics and Chemistry of Minerals 24 (1997) 17-23,
Forsterite,(Co Mg) Si O4,0,0,1,0,1,0,0,0,4,1,4.7715,10.2535,5.9912,293.117,,,Pbnm,Physics and Chemistry of Minerals 24 (1997) 17-23,
Forsterite,(Co Mg) Si O4,0,0,1,0,1,0,0,0,4,1,4.7713,10.2533,5.9911,293.094,,,Pbnm,Physics and Chemistry of Minerals 24 (1997) 17-23,
Forsterite,(Co Mg) Si O4,0,0,1,0,1,0,0,0,4,1,4.7713,10.2533,5.9911,293.094,,,Pbnm,Physics and Chemistry of Minerals 24 (1997) 17-23,
Forsterite,Mg1.02Co0.98SiO4,0,0,0.98,0,1.02,0,0,0,4,1,4.772,10.2522,5.9896,293.03,,,Pbnm,Geochemical Journal 2 (1968) 51-59,Synthetic sample Co4
Forsterite,(Co.953 Mg1.047) Si O4,0,0,0.953,0,1.047,0,0,0,4,1,4.771,10.245,5.988,292.687,,,Pbnm,American Mineralogist 72 (1987) 594-598,
Forsterite,(Co.75 Mg1.25) Si O4,0,0,0.75,0,1.25,0,0,0,4,1,4.7679,10.24,5.9884,292.373,,,Pbnm,Physics and Chemistry of Minerals 24 (1997) 17-23,
Monticellite,Ca1.255 Co.745 Si O4,0,1.255,0.745,0,0,0,0,0,4,1,4.866,11.15,6.453,350.113,,,Pbnm,"Neues Jahrbuch fur Mineralogie, Monatshefte 1987 (1987) 160-170",
Forsterite,Mg1.5Co0.5SiO4,0,0,0.5,0,1.5,0,0,0,4,1,4.7638,10.2255,5.9846,291.52,,,Pbnm,Geochemical Journal 2 (1968) 51-59,Synthetic sample Co2
Forsterite,Co.499 Mg1.499 Si O4,0,0,0.499,0,1.499,0,0,0,4,1,4.7633,10.229,5.9874,291.729,,,Pbnm,Physics and Chemistry of Minerals 24 (1997) 17-23,
Forsterite,(Co.401 Mg1.599) Si O4,0,0,0.401,0,1.599,0,0,0,4,1,4.765,10.225,5.986,291.651,,,Pbnm,American Mineralogist 72 (1987) 594-598,
Forsterite,(Co.261 Mg1.739) Si O4,0,0,0.261,0,1.739,0,0,0,4,1,4.76,10.221,5.984,291.133,,,Pbnm,American Mineralogist 72 (1987) 594-598,
Forsterite,Co.249 Mg1.749 Si O4,0,0,0.249,0,1.749,0,0,0,4,1,4.7585,10.2148,5.9846,290.894,,,Pbnm,Physics and Chemistry of Minerals 24 (1997) 17-23,
Fayalite,(Fe+21.100Mg0.883Mn+20.014Ca0.002Zn0.001Al0.001)Σ=2.001Si0.999O4,0.001,0.002,0,1.1,0.883,0.014,0,0.001,4,0.999,4.8,10.352,6.051,300.672,,,,R100102,"Locality: Bushveld Intrusive, 7 km east of Olepane, Limpopo Province, South Africa"
Fayalite,(Fe+21.908Mg0.046Zn0.028Ca0.009Mn+20.006Ni0.001Al0.001)Σ=1.999Si1.000O4,0.001,0.009,0,1.908,0.046,0.006,0.001,0.028,4,1,4.829,10.497,6.095,308.956,,,,R100103,"Locality: Franklin, Sussex County, New Jersey, USA"
Tephroite,(Mn+21.716Zn0.124Mg0.080Ca0.078Fe+20.003Al0.001)Σ=2.002Si0.998O4,0.001,0.078,0,0.003,0.08,1.716,0,0.124,4,0.998,4.889,10.69,6.271,327.744,,,,R100105,"Locality: Franklin, Sussex County, New Jersey, USA"
Forsterite,(Mg1.832Fe0.153Ni0.008Mn0.002Zn0.001)Σ=1.996Si1.000O4,0,0,0,0.153,1.832,0.002,0.008,0.001,4,1,4.761,10.215,5.991,291.364,,,,R100100,"Locality: Scott Creek, Jackson County, North Carolina, USA"
Fayalite,(Fe2+1.88Mn0.11Zn0.01)Σ=2Si1.00O4,0,0,0,1.88,0,0.11,0,0.01,4,1,4.8177,10.477,6.0922,307.504,,,,R070157,"Locality: Coso Hot Springs, Inyo County, California, USA"
Tephroite,Mn1.886Mg0.049Zn0.045Fe0.005SiO4,0,0,0,0.005,0.049,1.886,0,0.045,4,1,4.899,10.621,6.251,325.3,,,Pbnm,American Mineralogist 70 (1985) 568-575,"Locality: Franklin, New Jersey, USA"
Tephroite,Mn1.715Mg0.092Zn0.128Fe0.026SiO4,0,0,0,0.026,0.092,1.715,0,0.128,4,1,4.882,10.614,6.235,323.1,,,Pbnm,American Mineralogist 70 (1985) 568-575,"Locality: Ogdensburg, New Jersey, USA"
Tephroite,Mn1.587Mg0.181Zn0.160Fe0.027SiO4,0,0,0,0.027,0.181,1.587,0,0.16,4,1,4.87,10.609,6.234,322.1,,,Pbnm,American Mineralogist 70 (1985) 568-575,"Locality: Franklin, New Jersey, USA"
Tephroite,Mn1.486Mg0.231Zn0.166Fe0.104SiO4,0,0,0,0.104,0.231,1.486,0,0.166,4,1,4.862,10.588,6.211,319.7,,,Pbnm,American Mineralogist 70 (1985) 568-575,"Locality: Franklin, New Jersey, USA"
Tephroite,Mn1.403Mg0.352Zn0.185Fe0.028SiO4,0,0,0,0.028,0.352,1.403,0,0.185,4,1,4.847,10.584,6.203,318.2,,,Pbnm,American Mineralogist 70 (1985) 568-575,"Locality: Franklin, New Jersey, USA"
Tephroite,Mn0.995Mg0.757Zn0.204Fe0.036SiO4,0,0,0,0.036,0.757,0.995,0,0.204,4,1,4.804,10.532,6.135,310.4,,,Pbnm,American Mineralogist 70 (1985) 568-575,"Locality: Ogdensburg, New Jersey, USA"
Tephroite,Mn1.246Mg0.488Zn0.219Fe0.031SiO4,0,0,0,0.031,0.488,1.246,0,0.219,4,1,4.828,10.558,6.172,314.6,,,Pbnm,American Mineralogist 70 (1985) 568-575,"Locality: Franklin, New Jersey, USA"
Forsterite,Mn0.405Mg1.332Zn0.251Fe0.010SiO4,0,0,0,0.01,1.332,0.405,0,0.251,4,1,4.777,10.349,6.05,299.1,,,Pbnm,American Mineralogist 70 (1985) 568-575,"From Ogdensburg, New Jersey, USA"
Fayalite,Fe2SiO4,0,0,0,2,0,0,0,0,4,1,4.82,10.476,6.089,307.4,,19 C,Pbnm,European Journal of Mineralogy 24 (2012) 935-956,Synthetic
Forsterite,Mg2SiO4,0,0,0,0,2,0,0,0,4,1,4.7553,10.196,5.9822,290.06,,19 C,Pbnm,European Journal of Mineralogy 24 (2012) 935-956,Synthetic
Fayalite,Fe2SiO4,0,0,0,2,0,0,0,0,4,1,4.821,10.475,6.089,307.5,,20 C,Pbnm,European Journal of Mineralogy 24 (2012) 935-956,Synthetic
Fayalite,Fe2 Si O4,0,0,0,2,0,0,0,0,4,1,4.818,10.471,6.086,307.034,,20 C,Pbnm,American Mineralogist 60 (1975) 1092-1097,
Forsterite,(Mg1.042Fe0.958)SiO4,0,0,0,0.958,1.042,0,0,0,4,1,4.796,10.352,6.046,300.2,,20 C,Pbnm,European Journal of Mineralogy 24 (2012) 935-956,Synthetic
Forsterite,(Mg1.042Fe0.958)SiO4,0,0,0,0.958,1.042,0,0,0,4,1,4.795,10.351,6.044,300,,20 C,Pbnm,European Journal of Mineralogy 24 (2012) 935-956,Synthetic
Forsterite,(Mg1.042Fe0.958)SiO4,0,0,0,0.958,1.042,0,0,0,4,1,4.795,10.351,6.045,300,,20 C,Pbnm,European Journal of Mineralogy 24 (2012) 935-956,Synthetic
Forsterite,(Mg1.042Fe0.958)SiO4,0,0,0,0.958,1.042,0,0,0,4,1,4.795,10.351,6.045,300,,20 C,Pbnm,European Journal of Mineralogy 24 (2012) 935-956,Synthetic
Forsterite,(Mg1.042Fe0.958)SiO4,0,0,0,0.958,1.042,0,0,0,4,1,4.794,10.35,6.043,299.9,,20 C,Pbnm,European Journal of Mineralogy 24 (2012) 935-956,Synthetic
Forsterite,(Mg1.042Fe0.958)SiO4,0,0,0,0.958,1.042,0,0,0,4,1,4.794,10.35,6.044,299.9,,20 C,Pbnm,European Journal of Mineralogy 24 (2012) 935-956,Synthetic
Forsterite,(Fe.935 Mg1.065) Si O4,0,0,0,0.935,1.065,0,0,0,4,1,4.7942,10.35,6.0436,299.883,,20 C,Pbnm,European Journal of Mineralogy 18 (2006) 673-689,"Locality: Boseti volcano, Ethiopia"
Forsterite,(Mg1.042Fe0.958)SiO4,0,0,0,0.958,1.042,0,0,0,4,1,4.794,10.347,6.043,299.7,,20 C,Pbnm,European Journal of Mineralogy 24 (2012) 935-956,Synthetic
Forsterite,(Mg1.042Fe0.958)SiO4,0,0,0,0.958,1.042,0,0,0,4,1,4.793,10.349,6.043,299.7,,20 C,Pbnm,European Journal of Mineralogy 24 (2012) 935-956,Synthetic
Forsterite,Si (Mg1.55 Fe.45) O4,0,0,0,0.45,1.55,0,0,0,4,1,4.7733,10.2676,6.0112,294.611,,20 C,Pbnm,European Journal of Mineralogy 19 (2007) 15-27,"Locality: Saar-Nahe basin, Germany"
Forsterite,(Mg1.74Fe.26)SiO4,0,0,0,0.26,1.74,0,0,0,4,1,4.766,10.233,5.998,292.5,,20 C,Pbnm,European Journal of Mineralogy 24 (2012) 935-956,Synthetic
Forsterite,(Mg1.74Fe.26)SiO4,0,0,0,0.26,1.74,0,0,0,4,1,4.764,10.232,5.996,292.3,,20 C,Pbnm,European Journal of Mineralogy 24 (2012) 935-956,Synthetic
Forsterite,Mg2SiO4,0,0,0,0,2,0,0,0,4,1,4.7554,10.197,5.9822,290.08,,20 C,Pbnm,European Journal of Mineralogy 24 (2012) 935-956,Synthetic
Forsterite,Mg2SiO4,0,0,0,0,2,0,0,0,4,1,4.7548,10.196,5.9823,290.02,,20 C,Pbnm,European Journal of Mineralogy 24 (2012) 935-956,Synthetic
Forsterite,Mg2SiO4,0,0,0,0,2,0,0,0,4,1,4.7506,10.2048,5.9817,289.986,,20 C,Pbnm,"Neues Jahrbuch für Mineralogie, Monatshefte 1987 (1987) 97-106",Synthetic
Forsterite,Mg2SiO4,0,0,0,0,2,0,0,0,4,1,4.7501,10.2042,5.9806,289.885,,20 C,Pbnm,"Neues Jahrbuch für Mineralogie, Monatshefte 1987 (1987) 97-106",Synthetic
Forsterite,(Mg1.7Ni0.3)SiO4,0,0,0,0,1.7,0,0.3,0,4,1,4.7461,10.2097,5.9719,289.376,,20 C,Pbnm,"Neues Jahrbuch für Mineralogie, Monatshefte 1987 (1987) 97-106",Synthetic
Forsterite,(Mg1.7Ni0.3)SiO4,0,0,0,0,1.7,0,0.3,0,4,1,4.7448,10.2062,5.9689,289.052,,20 C,Pbnm,"Neues Jahrbuch für Mineralogie, Monatshefte 1987 (1987) 97-106",Synthetic
Forsterite,(Mg1.2Ni0.8)SiO4,0,0,0,0,1.2,0,0.8,0,4,1,4.7482,10.2033,5.9577,288.635,,20 C,Pbnm,"Neues Jahrbuch für Mineralogie, Monatshefte 1987 (1987) 97-106",Synthetic
Forsterite,(Mg1.2Ni0.8)SiO4,0,0,0,0,1.2,0,0.8,0,4,1,4.7481,10.2027,5.9578,288.616,,20 C,Pbnm,"Neues Jahrbuch für Mineralogie, Monatshefte 1987 (1987) 97-106",Synthetic
Forsterite,(Mg1.4Ni0.6)SiO4,0,0,0,0,1.4,0,0.6,0,4,1,4.7454,10.1994,5.961,288.514,,20 C,Pbnm,"Neues Jahrbuch für Mineralogie, Monatshefte 1987 (1987) 97-106",Synthetic
Forsterite,(Mg1.4Ni0.6)SiO4,0,0,0,0,1.4,0,0.6,0,4,1,4.745,10.1994,5.9607,288.475,,20 C,Pbnm,"Neues Jahrbuch für Mineralogie, Monatshefte 1987 (1987) 97-106",Synthetic
Liebenbergite,(Ni1.2Mg0.8)SiO4,0,0,0,0,0.8,0,1.2,0,4,1,4.7343,10.1742,5.9381,286.025,,20 C,Pbnm,"Neues Jahrbuch für Mineralogie, Monatshefte 1987 (1987) 97-106",Synthetic
Liebenbergite,(Ni1.2Mg0.8)SiO4,0,0,0,0,0.8,0,1.2,0,4,1,4.7338,10.1723,5.9376,285.917,,20 C,Pbnm,"Neues Jahrbuch für Mineralogie, Monatshefte 1987 (1987) 97-106",Synthetic
Liebenbergite,(Ni1.6Mg0.4)SiO4,0,0,0,0,0.4,0,1.6,0,4,1,4.7276,10.1402,5.9198,283.788,,20 C,Pbnm,"Neues Jahrbuch für Mineralogie, Monatshefte 1987 (1987) 97-106",Synthetic
Liebenbergite,(Ni1.6Mg0.4)SiO4,0,0,0,0,0.4,0,1.6,0,4,1,4.7267,10.1397,5.9194,283.701,,20 C,Pbnm,"Neues Jahrbuch für Mineralogie, Monatshefte 1987 (1987) 97-106",Synthetic
Liebenbergite,Ni2SiO4,0,0,0,0,0,0,2,0,4,1,4.7249,10.1151,5.9095,282.432,,20 C,Pbnm,"Neues Jahrbuch für Mineralogie, Monatshefte 1987 (1987) 97-106",Synthetic
Liebenbergite,Ni2SiO4,0,0,0,0,0,0,2,0,4,1,4.724,10.1136,5.9088,282.303,,20 C,Pbnm,"Neues Jahrbuch für Mineralogie, Monatshefte 1987 (1987) 97-106",Synthetic
Fayalite,Fe2SiO4,0,0,0,2,0,0,0,0,4,1,4.82,10.476,6.089,307.4,,21 C,Pbnm,European Journal of Mineralogy 24 (2012) 935-956,Synthetic
Fayalite,Fe2 Si O4,0,0,0,2,0,0,0,0,4,1,4.818,10.47,6.086,307.005,1 atm,23 C,Pbnm,American Mineralogist 62 (1977) 286-295,Locality: synthetic
Fayalite,Fe2 Si O4,0,0,0,2,0,0,0,0,4,1,4.818,10.47,6.086,307.005,1 atm,23 C,Pbnm,American Mineralogist 62 (1977) 286-295,Locality: synthetic
Fayalite,(Fe1.1 Mg.75 Mn.15) Si O4,0,0,0,1.1,0.75,0.15,0,0,4,1,4.798,10.39,6.055,301.849,1 atm,23 C,Pbnm,American Mineralogist 62 (1977) 286-295,"Locality: Franklin, New Jersey, USA"
Forsterite,Mg2SiO4,0,0,0,0,2,0,0,0,4,1,4.7535,10.1943,5.9807,289.8,1 atm,23 C,Pbnm,American Mineralogist 61 (1976) 1280-1293,Synthetic
Forsterite,Si Mg2 O4,0,0,0,0,2,0,0,0,4,1,4.752,10.193,5.977,289.509,1 atm,23 C,Pbnm,American Mineralogist 61 (1976) 1280-1293,
Forsterite,Mg2SiO4,0,0,0,0,2,0,0,0,4,1,4.749,10.19,5.98,289.5,1 atm,23 C,Pbnm,American Mineralogist 61 (1976) 1280-1293,Synthetic
Forsterite,Si (Mg1.42 Fe.58) O4,0,0,0,0.58,1.42,0,0,0,4,1,4.775,10.28,6.016,295.307,,24 C,Pbnm,American Mineralogist 58 (1973) 577-587,
Fayalite,(Fe1.1 Mg.75 Mn.15) Si O4,0,0,0,1.1,0.75,0.15,0,0,4,1,4.798,10.387,6.055,301.762,,25 C,Pbnm,American Mineralogist 58 (1973) 588-593,"Locality: Franklin, New Jersey, USA"
Forsterite,(Mg1.042Fe0.958)SiO4,0,0,0,0.958,1.042,0,0,0,4,1,4.795,10.349,6.044,299.9,,25 C,Pbnm,European Journal of Mineralogy 24 (2012) 935-956,Synthetic
Forsterite,Mg2 Si O4,0,0,0,0,2,0,0,0,4,1,4.756,10.207,5.98,290.296,,25 C,Pbnm,American Mineralogist 58 (1973) 588-593,Locality: synthetic
Forsterite,Mg2 Si O4,0,0,0,0,2,0,0,0,4,1,4.7503,10.187,5.9771,289.24,,25 C,Pbnm,Materials Science of the Earth's Interior 1984 (1984) 191-231,
Forsterite,(Ni.4 Mg1.6) Si O4,0,0,0,0,1.6,0,0.4,0,4,1,4.74737,10.2069,5.9679,289.18,,25 C,Pbnm,American Mineralogist 86 (2001) 1170-1187,
Forsterite,(Ni.4 Mg1.6) Si O4,0,0,0,0,1.6,0,0.4,0,4,1,4.74955,10.2019,5.96718,289.136,,25 C,Pbnm,American Mineralogist 86 (2001) 1170-1187,
Forsterite,(Ni Mg) Si O4,0,0,0,0,1,0,1,0,4,1,4.74016,10.1874,5.94729,287.194,,25 C,Pbnm,American Mineralogist 86 (2001) 1170-1187,
Forsterite,(Ni Mg) Si O4,0,0,0,0,1,0,1,0,4,1,4.73717,10.187,5.9466,286.968,,25 C,Pbnm,American Mineralogist 86 (2001) 1170-1187,
Liebenbergite,Ni2 Si O4,0,0,0,0,0,0,2,0,4,1,4.726,10.118,5.913,282.746,,25 C,Pbnm,American Mineralogist 63 (1978) 365-377,
Forsterite,(Mg0.97Fe0.03)2SiO4,0,0,0,0.06,1.94,0,0,0,4,1,4.7624,10.226,5.9936,291.93,0.0001 GPa,,Pbnm,American Mineralogist 98 (2013) 1972-1979,"Sample SZ0407B, synthetic"
Forsterite,(Mg0.97Fe0.03)2SiO4,0,0,0,0.06,1.94,0,0,0,4,1,4.759,10.2238,5.9932,291.6,0.0001 GPa,,Pbnm,American Mineralogist 98 (2013) 1972-1979,"Sample SZ0407A, synthetic"
Fayalite,Fe2 Si O4,0,0,0,2,0,0,0,0,4,1,4.822,10.488,6.094,308.193,0.001 kbar,,Pbnm,Physica B 140 (1986) 333-336,
Tephroite,Mn2SiO4,0,0,0,0,0,2,0,0,4,1,4.90338,10.60016,6.25753,325.246,,,Pbnm,Journal of Applied Crystallography 32 (1999) 51-59,
Tephroite,Mn2 Si O4,0,0,0,0,0,2,0,0,4,1,4.90338,10.60016,6.25753,325.245,,,Pnma,Journal of Applied Crystallography 32 (1999) 51-59,Locality: synthetic
Tephroite,Mn2 Si O4,0,0,0,0,0,2,0,0,4,1,4.90338,10.60016,6.25753,325.245,,,Pnma,Journal of Applied Crystallography 32 (1999) 51-59,Locality: synthetic
Tephroite,Mn2SiO4,0,0,0,0,0,2,0,0,4,1,4.906,10.598,6.255,325.2,,,Pbnm,American Mineralogist 70 (1985) 568-575,Synthetic
Tephroite,Mn2SiO4,0,0,0,0,0,2,0,0,4,1,4.9042,10.597,6.2545,325.045,,,Pbnm,Journal of Crystal Growth 34 (1976) 125-131,"Synthetic, grown from a melt. Corrected b-cell typo."
Tephroite,Mn2 Si O4,0,0,0,0,0,2,0,0,4,1,4.9023,10.5964,6.2567,325.015,,,Pbnm,Acta Crystallographica B37 (1981) 513-518,Locality: synthetic
Tephroite,Mn2SiO4,0,0,0,0,0,2,0,0,4,1,4.894,10.61,6.259,325.001,,,Pbnm,Geokhimiya 7 (1984) 1047-1055,Synthetic
Tephroite,Mn2SiO4,0,0,0,0,0,2,0,0,4,1,4.8968,10.59,6.25,324.1,,,Pbnm,Mineralogical Magazine 35 (1966) 742-755,Synthetic
Tephroite,Mn1.82Fe0.18SiO4,0,0,0,0.18,0,1.82,0,0,4,1,4.896,10.603,6.241,324,,,Pbnm,American Mineralogist 69 (1984) 1110-1115,"Synthetic, sample OL1"
Tephroite,Mn1.993Mg0.015SiO4,0,0,0,0,0.015,1.993,0,0,4,1,4.893,10.592,6.243,323.55,,,Pbnm,European Journal of Mineralogy 3 (1991) 63-68,"Locality: Valgraveglia Mine, Reppia, Liguria, Italy"
Tephroite,Mn1.83 Mg.17 Si O4,0,0,0,0,0.17,1.83,0,0,4,1,4.879,10.589,6.234,322.072,,,Pbnm,American Mineralogist 65 (1980) 1263-1269,Locality: Madagascar
Tephroite,(Mn1.4 Fe.6) Si O4,0,0,0,0.6,0,1.4,0,0,4,1,4.8789,10.60587,6.20468,321.061,,,Pbnm,Mineralogical Magazine 62 (1998) 607-615,Locality: synthetic
Tephroite,Mn1.416Fe0.584SiO4,0,0,0,0.584,0,1.416,0,0,4,1,4.8734,10.5991,6.1982,320.16,,,Pbnm,Physics and Chemistry of Minerals 15 (1987) 54-58,Synthetic
Tephroite,Mn1.4Fe0.6SiO4,0,0,0,0.6,0,1.4,0,0,4,1,4.871,10.594,6.2,319.9,,,Pbnm,American Mineralogist 69 (1984) 1110-1115,"Synthetic, sample OL2"
Tephroite,Mn1.8Mg0.2SiO4,0,0,0,0,0.2,1.8,0,0,4,1,4.862,10.553,6.208,318.524,,,Pbnm,Geokhimiya 7 (1984) 1047-1055,Synthetic
Fayalite,(Mn Fe) Si O4,0,0,0,1,0,1,0,0,4,1,4.86184,10.58358,6.1695,317.456,,,Pbnm,Mineralogical Magazine 62 (1998) 607-615,Locality: synthetic
Tephroite,(Mn Fe) Si O4,0,0,0,1,0,1,0,0,4,1,4.86184,10.58358,6.1695,317.456,,,Pbnm,Mineralogical Magazine 62 (1998) 607-615,Locality: synthetic
Tephroite,Mn1.06Fe0.94SiO4,0,0,0,0.94,0,1.06,0,0,4,1,4.856,10.585,6.168,317,,,Pbnm,American Mineralogist 69 (1984) 1110-1115,"Synthetic, sample OL3"
Fayalite,Fe1.010Mn0.990SiO4,0,0,0,1.01,0,0.99,0,0,4,1,4.8578,10.5818,6.1641,316.861,,,Pbnm,Physics and Chemistry of Minerals 15 (1987) 54-58,synthetic
Fayalite,Fe1.1Mn0.9SiO4,0,0,0,1.1,0,0.9,0,0,4,1,4.852,10.576,6.142,315.1,,,Pbnm,American Mineralogist 69 (1984) 1110-1115,"Sample OL6 from Dannemora, Sweden"
Tephroite,(Mn1.4 Mg.6) Si O4,0,0,0,0,0.6,1.4,0,0,4,1,4.83927,10.52411,6.17903,314.692,,,Pnma,Journal of Applied Crystallography 32 (1999) 51-59,Locality: synthetic
Tephroite,(Mn1.4 Mg.6) Si O4,0,0,0,0,0.6,1.4,0,0,4,1,4.83927,10.52411,6.17903,314.692,,,Pnma,Journal of Applied Crystallography 32 (1999) 51-59,Locality: synthetic
Tephroite,Mn1.4Mg0.6SiO4,0,0,0,0,0.6,1.4,0,0,4,1,4.83927,10.52411,6.17903,314.692,,,Pbnm,Journal of Applied Crystallography 32 (1999) 51-59,
Fayalite,(Mn.6 Fe1.4) Si O4,0,0,0,1.4,0,0.6,0,0,4,1,4.84857,10.55545,6.14054,314.266,,,Pbnm,Mineralogical Magazine 62 (1998) 607-615,Locality: synthetic
Fayalite,Fe1.38Mn0.62SiO4,0,0,0,1.38,0,0.62,0,0,4,1,4.84,10.556,6.135,313.5,,,Pbnm,American Mineralogist 69 (1984) 1110-1115,"Synthetic, sample OL4"
Fayalite,Fe1.520Mn0.480SiO4,0,0,0,1.52,0,0.48,0,0,4,1,4.8378,10.536,6.1234,312.116,,,Pbnm,Physics and Chemistry of Minerals 15 (1987) 54-58,synthetic
Tephroite,Mn1.2Mg0.8SiO4,0,0,0,0,0.8,1.2,0,0,4,1,4.813,10.506,6.16,311.483,,,Pbnm,Geokhimiya 7 (1984) 1047-1055,Synthetic
Fayalite,Fe1.78Mn0.22SiO4,0,0,0,1.78,0,0.22,0,0,4,1,4.826,10.514,6.105,309.8,,,Pbnm,American Mineralogist 69 (1984) 1110-1115,"Synthetic, sample OL5"
Fayalite,(Fe2+1.87Mn2+0.13)Σ=2Si1.00O4,0,0,0,1.87,0,0.13,0,0,4,1,4.8245,10.4959,6.0974,308.757,,,,R070293,"Locality: Pike's Peak, Teller County, Colorado, USA"
Fayalite,Fe2SiO4,0,0,0,2,0,0,0,0,4,1,4.8186,10.4822,6.1108,308.65,,,Pbnm,Mineralogical Magazine 36 (1968) 1123-1134,Synthetic
Fayalite,(Fe2+1.89Mn2+0.11)Σ=2Si1.00O4,0,0,0,1.89,0,0.11,0,0,4,1,4.8233,10.4959,6.0966,308.64,,,,R070374,"Locality: Little Lake, Lake County, California, USA"
Forsterite,MgMnSiO4,0,0,0,0,1,1,0,0,4,1,4.797,10.48,6.135,308.422,,,Pbnm,Geokhimiya 7 (1984) 1047-1055,Synthetic
Tephroite,MnMgSiO4,0,0,0,0,1,1,0,0,4,1,4.797,10.48,6.135,308.422,,,Pbnm,Geokhimiya 7 (1984) 1047-1055,Synthetic
Fayalite,Fe2SiO4,0,0,0,2,0,0,0,0,4,1,4.821,10.481,6.097,308.17,,,Pbnm,Journal of Crystal Growth 43 (1978) 463-468,Locality: Synthetic
Forsterite,Mg1.03 Mn.97 Si O4,0,0,0,0,1.03,0.97,0,0,4,1,4.794,10.491,6.123,307.949,,,Pbnm,American Mineralogist 65 (1980) 1263-1269,"Locality: Langban, Sweden"
Fayalite,Fe2SiO4,0,0,0,2,0,0,0,0,4,1,4.82,10.485,6.093,307.9,,,Pbnm,"Zeitschrift für Naturforschung B Anorganische Chemie, Organische Chemie 33b (1978) 731-736",Synthetic
Forsterite,(Mg Mn) Si O4,0,0,0,0,1,1,0,0,4,1,4.80757,10.451,6.12446,307.717,,,Pnma,Journal of Applied Crystallography 32 (1999) 51-59,Locality: synthetic
Forsterite,(Mg Mn) Si O4,0,0,0,0,1,1,0,0,4,1,4.80757,10.451,6.12446,307.717,,,Pnma,Journal of Applied Crystallography 32 (1999) 51-59,Locality: synthetic
Tephroite,(Mg Mn) Si O4,0,0,0,0,1,1,0,0,4,1,4.80757,10.451,6.12446,307.717,,,Pnma,Journal of Applied Crystallography 32 (1999) 51-59,Locality: synthetic
Tephroite,(Mg Mn) Si O4,0,0,0,0,1,1,0,0,4,1,4.80757,10.451,6.12446,307.717,,,Pnma,Journal of Applied Crystallography 32 (1999) 51-59,Locality: synthetic
Forsterite,MgMnSiO4,0,0,0,0,1,1,0,0,4,1,4.80757,10.451,6.12446,307.717,,,Pbnm,Journal of Applied Crystallography 32 (1999) 51-59,Synthetic
Tephroite,MnMgSiO4,0,0,0,0,1,1,0,0,4,1,4.80757,10.451,6.12446,307.717,,,Pbnm,Journal of Applied Crystallography 32 (1999) 51-59,
Fayalite,Fe2SiO4,0,0,0,2,0,0,0,0,4,1,4.821,10.478,6.092,307.7,,,Pbnm,American Mineralogist 67 (1982) 1212-1217,"Synthetic, sample 17"
Fayalite,Fe2SiO4,0,0,0,2,0,0,0,0,4,1,4.8211,10.4779,6.0889,307.58,,,Pbnm,"Neues Jahrbuch für Mineralogie, Monatshefte 5 (1977) 205-215",Synthetic
Fayalite,Fe2 Si O4,0,0,0,2,0,0,0,0,4,1,4.8195,10.4788,6.0873,307.424,,,Pbnm,Acta Crystallographica B37 (1981) 513-518,Locality: synthetic
Fayalite,Fe2SiO4,0,0,0,2,0,0,0,0,4,1,4.815,10.49,6.085,307.3,,,Pbnm,American Mineralogist 54 (1969) 741-753,Synthesized at 500 bar
Fayalite,Fe2SiO4,0,0,0,2,0,0,0,0,4,1,4.822,10.517,6.056,307.118,,,Pbnm,Mineralogical Magazine 36 (1968) 955-961,Synthetic sample 1
Fayalite,Fe2SiO4,0,0,0,2,0,0,0,0,4,1,4.819,10.47,6.086,307.1,,,Pbnm,American Mineralogist 54 (1969) 741-753,Synthesized at 2 kbar
Fayalite,Fe1.8Mg0.2SiO4,0,0,0,1.8,0.2,0,0,0,4,1,4.8169,10.4512,6.0783,306,,,Pbnm,"Neues Jahrbuch für Mineralogie, Monatshefte 5 (1977) 205-215",Synthetic
Fayalite,Fe1.82Ni0.18SiO4,0,0,0,1.82,0,0,0.18,0,4,1,4.807,10.457,6.078,305.5,,,Pbnm,American Mineralogist 67 (1982) 1212-1217,"Synthetic, sample H14"
Fayalite,Fe1.8Mg0.2SiO4,0,0,0,1.8,0.2,0,0,0,4,1,4.805,10.441,6.08,305,,,Pbnm,"Zeitschrift für Naturforschung B Anorganische Chemie, Organische Chemie 33b (1978) 731-736",Synthetic
Forsterite,Mg1.2Mn0.8SiO4,0,0,0,0,1.2,0.8,0,0,4,1,4.798,10.416,6.102,304.953,,,Pbnm,Geokhimiya 7 (1984) 1047-1055,Synthetic
Fayalite,Fe1.76Ni0.24SiO4,0,0,0,1.76,0,0,0.24,0,4,1,4.797,10.447,6.075,304.4,,,Pbnm,American Mineralogist 67 (1982) 1212-1217,"Synthetic, sample 15"
Fayalite,Fe1.6Mg0.4SiO4,0,0,0,1.6,0.4,0,0,0,4,1,4.8111,10.4213,6.0684,304.26,,,Pbnm,"Neues Jahrbuch für Mineralogie, Monatshefte 5 (1977) 205-215",Synthetic
Fayalite,(Fe0.8Mg0.2)2SiO4,0,0,0,1.6,0.4,0,0,0,4,1,4.813,10.417,6.067,304.18,,,Pbnm,American Mineralogist 54 (1969) 741-753,Synthesized at 2 kbar
Fayalite,(Fe0.8Mg0.2)2SiO4,0,0,0,1.6,0.4,0,0,0,4,1,4.81,10.419,6.068,304.08,,,Pbnm,American Mineralogist 54 (1969) 741-753,Synthesized at 500 bar
Fayalite,Fe1.5Mg0.5SiO4,0,0,0,1.5,0.5,0,0,0,4,1,4.8074,10.4063,6.0618,303.25,,,Pbnm,"Neues Jahrbuch für Mineralogie, Monatshefte 5 (1977) 205-215",Synthetic
Fayalite,Fe1.66Ni0.34SiO4,0,0,0,1.66,0,0,0.34,0,4,1,4.788,10.437,6.066,303.1,,,Pbnm,American Mineralogist 67 (1982) 1212-1217,"Synthetic, sample 16"
Fayalite,Fe1.4Mg0.6SiO4,0,0,0,1.4,0.6,0,0,0,4,1,4.8043,10.3923,6.0577,302.45,,,Pbnm,"Neues Jahrbuch für Mineralogie, Monatshefte 5 (1977) 205-215",Synthetic
Fayalite,Fe1.6Mg0.4SiO4,0,0,0,1.6,0.4,0,0,0,4,1,4.799,10.389,6.056,301.9,,,Pbnm,"Zeitschrift für Naturforschung B Anorganische Chemie, Organische Chemie 33b (1978) 731-736",Synthetic
Fayalite,Fe1.2Mg0.8SiO4,0,0,0,1.2,0.8,0,0,0,4,1,4.7986,10.3665,6.0482,300.87,,,Pbnm,"Neues Jahrbuch für Mineralogie, Monatshefte 5 (1977) 205-215",Synthetic
Fayalite,(Fe0.6Mg0.4)2SiO4,0,0,0,1.2,0.8,0,0,0,4,1,4.798,10.367,6.047,300.8,,,Pbnm,American Mineralogist 54 (1969) 741-753,Synthesized at 500 bar
Fayalite,Mg0.824Fe1.134Mn0.042SiO4,0,0,0,1.134,0.824,0.042,0,0,4,1,4.7912,10.3642,6.055,300.67,,,Pbnm,Mineralogical Magazine 36 (1968) 1123-1134,Sample YS7
Fayalite,Fe1.18Mg0.82SiO4,0,0,0,1.18,0.82,0,0,0,4,1,4.7974,10.3635,6.0463,300.61,,,Pbnm,"Neues Jahrbuch für Mineralogie, Monatshefte 5 (1977) 205-215",Synthetic
Fayalite,(Fe0.6Mg0.4)2SiO4,0,0,0,1.2,0.8,0,0,0,4,1,4.797,10.358,6.048,300.5,,,Pbnm,American Mineralogist 54 (1969) 741-753,Synthesized at 2 kbar
Forsterite,Mg1.4Mn0.6SiO4,0,0,0,0,1.4,0.6,0,0,4,1,4.781,10.356,6.067,300.39,,,Pbnm,Geokhimiya 7 (1984) 1047-1055,Synthetic
Fayalite,Fe1.20Mg0.80SiO4,0,0,0,1.2,0.8,0,0,0,4,1,4.787,10.354,6.047,299.7,,,Pbnm,"Zeitschrift für Naturforschung B Anorganische Chemie, Organische Chemie 33b (1978) 731-736","Synthetic, quenched"
Fayalite,Fe1.4Mg0.6SiO4,0,0,0,1.4,0.6,0,0,0,4,1,4.781,10.361,6.044,299.4,,,Pbnm,"Zeitschrift für Naturforschung B Anorganische Chemie, Organische Chemie 33b (1978) 731-736",Synthetic
Fayalite,Fe1.0Mg1.0SiO4,0,0,0,1,1,0,0,0,4,1,4.7929,10.3412,6.038,299.27,,,Pbnm,"Neues Jahrbuch für Mineralogie, Monatshefte 5 (1977) 205-215",Synthetic
Fayalite,Fe1.20Mg0.80SiO4,0,0,0,1.2,0.8,0,0,0,4,1,4.781,10.352,6.041,299.1,,,Pbnm,"Zeitschrift für Naturforschung B Anorganische Chemie, Organische Chemie 33b (1978) 731-736","Synthetic, quenched"
Forsterite,Mg1.030Fe0.956Mn0.014SiO4,0,0,0,0.956,1.03,0.014,0,0,4,1,4.786,10.3304,6.04,298.62,,,Pbnm,Mineralogical Magazine 36 (1968) 1123-1134,Sample YS11
Forsterite,Mg1.02Fe0.98SiO4,0,0,0,0.98,1.02,0,0,0,4,1,4.7901,10.3305,6.0343,298.6,,,Pbnm,Physics and Chemistry of Minerals 19 (1993) 431-444,"Synthetic, un-heated. T0"
Fayalite,Fe1.20Mg0.80SiO4,0,0,0,1.2,0.8,0,0,0,4,1,4.778,10.341,6.038,298.3,,,Pbnm,"Zeitschrift für Naturforschung B Anorganische Chemie, Organische Chemie 33b (1978) 731-736","Synthetic, quenched"
Forsterite,Mg1.05Fe0.95SiO4,0,0,0,0.95,1.05,0,0,0,4,1,4.786,10.332,6.032,298.2,,,Pbnm,American Mineralogist 67 (1982) 1206-1211,"Synthetic at 1000 C, sample H13"
Fayalite,Fe1.20Mg0.80SiO4,0,0,0,1.2,0.8,0,0,0,4,1,4.776,10.339,6.032,297.9,,,Pbnm,"Zeitschrift für Naturforschung B Anorganische Chemie, Organische Chemie 33b (1978) 731-736","Synthetic, quenched"
Forsterite,Mg1.15Fe0.85SiO4,0,0,0,0.85,1.15,0,0,0,4,1,4.7871,10.3181,6.0297,297.83,,,Pbnm,"Neues Jahrbuch für Mineralogie, Monatshefte 5 (1977) 205-215",Synthetic
Forsterite,Mg1.6Mn0.4SiO4,0,0,0,0,1.6,0.4,0,0,4,1,4.773,10.317,6.043,297.576,,,Pbnm,Geokhimiya 7 (1984) 1047-1055,Synthetic
Forsterite,Mg1.2Fe0.8SiO4,0,0,0,0.8,1.2,0,0,0,4,1,4.7849,10.3101,6.0263,297.29,,,Pbnm,"Neues Jahrbuch für Mineralogie, Monatshefte 5 (1977) 205-215",Synthetic
Forsterite,Mg1.20Fe0.80SiO4,0,0,0,0.8,1.2,0,0,0,4,1,4.778,10.299,6.028,296.6,,,Pbnm,"Zeitschrift für Naturforschung B Anorganische Chemie, Organische Chemie 33b (1978) 731-736","Synthetic, quenched"
Forsterite,Mg1.3Fe0.7SiO4,0,0,0,0.7,1.3,0,0,0,4,1,4.7818,10.2972,6.0223,296.53,,,Pbnm,"Neues Jahrbuch für Mineralogie, Monatshefte 5 (1977) 205-215",Synthetic
Fayalite,Fe1.0Mg1.0SiO4,0,0,0,1,1,0,0,0,4,1,4.769,10.306,6.03,296.4,,,Pbnm,"Zeitschrift für Naturforschung B Anorganische Chemie, Organische Chemie 33b (1978) 731-736",Synthetic
Forsterite,Mg1.0Fe1.0SiO4,0,0,0,1,1,0,0,0,4,1,4.769,10.306,6.03,296.4,,,Pbnm,"Zeitschrift für Naturforschung B Anorganische Chemie, Organische Chemie 33b (1978) 731-736",Synthetic
Forsterite,Mg1.20Fe0.80SiO4,0,0,0,0.8,1.2,0,0,0,4,1,4.776,10.291,6.023,296,,,Pbnm,"Zeitschrift für Naturforschung B Anorganische Chemie, Organische Chemie 33b (1978) 731-736","Synthetic, quenched"
Forsterite,Mg1.4Fe0.6SiO4,0,0,0,0.6,1.4,0,0,0,4,1,4.7779,10.2831,6.0161,295.58,,,Pbnm,"Neues Jahrbuch für Mineralogie, Monatshefte 5 (1977) 205-215",Synthetic
Forsterite,Mg1.20Fe0.80SiO4,0,0,0,0.8,1.2,0,0,0,4,1,4.769,10.286,6.021,295.4,,,Pbnm,"Zeitschrift für Naturforschung B Anorganische Chemie, Organische Chemie 33b (1978) 731-736","Synthetic, quenched"
Forsterite,Mg1.20Fe0.80SiO4,0,0,0,0.8,1.2,0,0,0,4,1,4.772,10.281,6.019,295.3,,,Pbnm,"Zeitschrift für Naturforschung B Anorganische Chemie, Organische Chemie 33b (1978) 731-736","Synthetic, quenched"
Forsterite,Mg1.40Fe0.60SiO4,0,0,0,0.6,1.4,0,0,0,4,1,4.772,10.264,6.02,294.9,,,Pbnm,"Zeitschrift für Naturforschung B Anorganische Chemie, Organische Chemie 33b (1978) 731-736","Synthetic, quenched"
Fayalite,Fe1.04Ni0.96SiO4,0,0,0,1.04,0,0,0.96,0,4,1,4.749,10.335,6.004,294.7,,,Pbnm,American Mineralogist 69 (1984) 164-164,"Synthetic, sample H11, replacing measurement reported in Am Min 67 (1982) 1212-1217"
Forsterite,Mg1.40Fe0.60SiO4,0,0,0,0.6,1.4,0,0,0,4,1,4.77,10.261,6.016,294.5,,,Pbnm,"Zeitschrift für Naturforschung B Anorganische Chemie, Organische Chemie 33b (1978) 731-736","Synthetic, quenched"
Forsterite,Mg1.40Fe0.60SiO4,0,0,0,0.6,1.4,0,0,0,4,1,4.766,10.258,6.014,294,,,Pbnm,"Zeitschrift für Naturforschung B Anorganische Chemie, Organische Chemie 33b (1978) 731-736","Synthetic, quenched"
Forsterite,(Mg1.636 Fe.364) Si O4,0,0,0,0.364,1.636,0,0,0,4,1,4.77,10.253,6.006,293.734,,,Pbnm,"Neues Jahrbuch fur Mineralogie, Monatshefte 7 (1986) 313-324","Locality: Valsesia, Ivrea-Verbano Zone, Western Italian Alps"
Forsterite,Mg1.40Fe0.60SiO4,0,0,0,0.6,1.4,0,0,0,4,1,4.764,10.254,6.013,293.7,,,Pbnm,"Zeitschrift für Naturforschung B Anorganische Chemie, Organische Chemie 33b (1978) 731-736","Synthetic, quenched"
Forsterite,Mg1.8Mn0.2SiO4,0,0,0,0,1.8,0.2,0,0,4,1,4.761,10.258,6.013,293.665,,,Pbnm,Geokhimiya 7 (1984) 1047-1055,Synthetic
Forsterite,Mg1.6Fe0.4SiO4,0,0,0,0.4,1.6,0,0,0,4,1,4.7698,10.2531,6.003,293.58,,,Pbnm,"Neues Jahrbuch für Mineralogie, Monatshefte 5 (1977) 205-215",Synthetic
Forsterite,Mg1.2Fe0.8SiO4,0,0,0,0.8,1.2,0,0,0,4,1,4.758,10.269,6.006,293.5,,,Pbnm,"Zeitschrift für Naturforschung B Anorganische Chemie, Organische Chemie 33b (1978) 731-736",Synthetic
Forsterite,Mg1.50Fe0.50SiO4,0,0,0,0.5,1.5,0,0,0,4,1,4.761,10.249,6.012,293.4,,,Pbnm,"Zeitschrift für Naturforschung B Anorganische Chemie, Organische Chemie 33b (1978) 731-736","Synthetic, quenched"
Forsterite,Mg1.63Fe0.37SiO4,0,0,0,0.37,1.63,0,0,0,4,1,4.7687,10.2491,6.0023,293.36,,,Pbnm,"Neues Jahrbuch für Mineralogie, Monatshefte 5 (1977) 205-215",Synthetic
Forsterite,(Mg1.7 Fe.3) Si O4,0,0,0,0.3,1.7,0,0,0,4,1,4.766,10.25,6.005,293.353,,,Pbnm,"Neues Jahrbuch fur Mineralogie, Monatshefte 7 (1986) 313-324","Locality: Valsesia, Ivrea-Verbano Zone, Western Italian Alps"
Forsterite,(Mg1.67Fe0.33)Σ=2Si1.00O4,0,0,0,0.33,1.67,0,0,0,4,1,4.7673,10.2488,6.003,293.301,,,,R060539,Locality: Sri Lanka
Forsterite,Si (Mg1.722 Fe.278) O4,0,0,0,0.278,1.722,0,0,0,4,1,4.7673,10.249,5.9996,293.141,,,Pbnm,The Canadian Mineralogist 32 (1994) 541-552,
Forsterite,(Mg1.67Fe0.32Ni0.01)Σ=2Si1.00O4,0,0,0,0.32,1.67,0,0.01,0,4,1,4.7669,10.2453,6.0021,293.132,,,,R040057,"Locality: Trudy\'s mine, San Carlos, Gila County, Arizona, USA"
Forsterite,(Mg1.684 Fe.316) Si O4,0,0,0,0.316,1.684,0,0,0,4,1,4.765,10.245,6.001,292.953,,,Pbnm,"Neues Jahrbuch fur Mineralogie, Monatshefte 7 (1986) 313-324","Locality: Valsesia, Ivrea-Verbano Zone, Western Italian Alps"
Forsterite,Mg1.50Fe0.50SiO4,0,0,0,0.5,1.5,0,0,0,4,1,4.759,10.243,6.009,292.9,,,Pbnm,"Zeitschrift für Naturforschung B Anorganische Chemie, Organische Chemie 33b (1978) 731-736","Synthetic, quenched"
Forsterite,Mg1.688Fe2+0.307Mn0.004Ni0.002Si1.000O4,0,0,0,0.307,1.688,0.004,0.002,0,4,1,4.764,10.241,6.002,292.83,,,Pbnm,"Neues Jahrbuch für Mineralogie, Monatshefte 7 (1986) 313-324","Sample Mo984, Locality: Passo delle Secchie, Ivrea-Verbano Zone, Western Italian Alps, Italy"
Forsterite,Mg1.60Fe0.40SiO4,0,0,0,0.4,1.6,0,0,0,4,1,4.759,10.238,6.009,292.8,,,Pbnm,"Zeitschrift für Naturforschung B Anorganische Chemie, Organische Chemie 33b (1978) 731-736","Synthetic, quenched"
Forsterite,(Mg1.682 Fe.318) Si O4,0,0,0,0.318,1.682,0,0,0,4,1,4.764,10.24,6.002,292.798,,,Pbnm,"Neues Jahrbuch fur Mineralogie, Monatshefte 7 (1986) 313-324","Locality: Valsesia, Ivrea-Verbano Zone, Western Italian Alps"
Forsterite,Si (Mg1.754 Fe.246) O4,0,0,0,0.246,1.754,0,0,0,4,1,4.7659,10.2414,5.9983,292.774,,,Pbnm,The Canadian Mineralogist 32 (1994) 541-552,
Forsterite,Si (Mg1.81 Fe.19) O4,0,0,0,0.19,1.81,0,0,0,4,1,4.7659,10.2396,5.9993,292.771,,,Pbnm,The Canadian Mineralogist 32 (1994) 541-552,
Forsterite,Si (Mg1.802 Fe.198) O4,0,0,0,0.198,1.802,0,0,0,4,1,4.766,10.2379,5.9992,292.724,,,Pbnm,The Canadian Mineralogist 32 (1994) 541-552,
Forsterite,Si (Mg1.816 Fe.184) O4,0,0,0,0.184,1.816,0,0,0,4,1,4.7652,10.2388,5.9992,292.701,,,Pbnm,The Canadian Mineralogist 32 (1994) 541-552,
Forsterite,Si (Mg1.772 Fe.228) O4,0,0,0,0.228,1.772,0,0,0,4,1,4.7654,10.2396,5.9984,292.697,,,Pbnm,The Canadian Mineralogist 32 (1994) 541-552,
Forsterite,(Mg1.762 Fe.238) Si O4,0,0,0,0.238,1.762,0,0,0,4,1,4.766,10.236,5.999,292.66,,,Pbnm,"Neues Jahrbuch fur Mineralogie, Monatshefte 7 (1986) 313-324","Locality: Finero, Ivrea-Verbano Zone, Western Italian Alps"
Forsterite,Si (Mg1.804 Fe.196) O4,0,0,0,0.196,1.804,0,0,0,4,1,4.7651,10.2385,5.9983,292.642,,,Pbnm,The Canadian Mineralogist 32 (1994) 541-552,
Forsterite,Si (Mg1.822 Fe.178) O4,0,0,0,0.178,1.822,0,0,0,4,1,4.7649,10.2376,5.9986,292.619,,,Pbnm,The Canadian Mineralogist 32 (1994) 541-552,
Forsterite,Mg1.50Fe0.50SiO4,0,0,0,0.5,1.5,0,0,0,4,1,4.757,10.24,6.007,292.6,,,Pbnm,"Zeitschrift für Naturforschung B Anorganische Chemie, Organische Chemie 33b (1978) 731-736","Synthetic, quenched"
Forsterite,Si (Mg1.8 Fe.2) O4,0,0,0,0.2,1.8,0,0,0,4,1,4.7649,10.237,5.998,292.572,,,Pbnm,The Canadian Mineralogist 32 (1994) 541-552,
Forsterite,Si (Mg1.816 Fe.184) O4,0,0,0,0.184,1.816,0,0,0,4,1,4.7642,10.2258,6.0045,292.526,,,Pbnm,The Canadian Mineralogist 32 (1994) 541-552,
Forsterite,Si (Mg1.8 Fe.2) O4,0,0,0,0.2,1.8,0,0,0,4,1,4.7644,10.237,5.9975,292.517,,,Pbnm,The Canadian Mineralogist 32 (1994) 541-552,
Forsterite,Mg1.73Fe0.27SiO4,0,0,0,0.27,1.73,0,0,0,4,1,4.7655,10.2351,5.997,292.5,,,Pbnm,"Neues Jahrbuch für Mineralogie, Monatshefte 5 (1977) 205-215",Synthetic
Forsterite,(Mg1.809Fe0.183Ni0.008Mn0.003)Σ=2.003Si0.999O4,0,0,0,0.183,1.809,0.003,0.008,0,4,0.999,4.765,10.237,5.995,292.432,,,,R100101,"Locality: Yancey County, North Carolina, USA"
Forsterite,Mg1.756Fe0.238Mn0.006SiO4,0,0,0,0.238,1.756,0.006,0,0,4,1,4.7631,10.2351,5.9975,292.38,,,Pbnm,Mineralogical Magazine 36 (1968) 1123-1134,Sample YS24
Forsterite,Mg1.60Fe0.40SiO4,0,0,0,0.4,1.6,0,0,0,4,1,4.757,10.234,6.005,292.3,,,Pbnm,"Zeitschrift für Naturforschung B Anorganische Chemie, Organische Chemie 33b (1978) 731-736","Synthetic, quenched"
Forsterite,Mg1.761Fe2+0.233Mn0.004Ni0.004Si0.999O4,0,0,0,0.233,1.761,0.004,0.004,0,4,0.999,4.763,10.231,5.997,292.24,,,Pbnm,"Neues Jahrbuch für Mineralogie, Monatshefte 7 (1986) 313-324","Sample 84AT2, Locality: Finero, Ivrea-Verbano Zone, Western Italian Alps, Italy"
Forsterite,Mg1.60Fe0.40SiO4,0,0,0,0.4,1.6,0,0,0,4,1,4.756,10.233,6.004,292.2,,,Pbnm,"Zeitschrift für Naturforschung B Anorganische Chemie, Organische Chemie 33b (1978) 731-736","Synthetic, quenched"
Forsterite,Mg1.4Fe0.6SiO4,0,0,0,0.6,1.4,0,0,0,4,1,4.754,10.242,6.001,292.2,,,Pbnm,"Zeitschrift für Naturforschung B Anorganische Chemie, Organische Chemie 33b (1978) 731-736",Synthetic
Forsterite,(Ni.52 Mg1.14 Fe.34) Si O4,0,0,0,0.34,1.14,0,0.52,0,4,1,4.762,10.244,5.989,292.155,,,Pbnm,American Mineralogist 67 (1982) 1206-1211,Locality: synthetic
Forsterite,(Fe.19 Mg1.81) Si O4,0,0,0,0.19,1.81,0,0,0,4,1,4.7641,10.2269,5.9952,292.098,,,Pbnm,Physics and Chemistry of Minerals 14 (1987) 368-372,"Locality: sample from San Carlos, Arizona"
Forsterite,(Mg1.774 Fe.226) Si O4,0,0,0,0.226,1.774,0,0,0,4,1,4.762,10.23,5.996,292.097,,,Pbnm,"Neues Jahrbuch fur Mineralogie, Monatshefte 7 (1986) 313-324","Locality: Rocca d'Argimonia, Ivrea-Verbano Zone, Western Italian Alps"
Forsterite,Mg1.5Fe0.5SiO4,0,0,0,0.5,1.5,0,0,0,4,1,4.754,10.229,6.004,292,,,Pbnm,"Zeitschrift für Naturforschung B Anorganische Chemie, Organische Chemie 33b (1978) 731-736",Synthetic
Forsterite,(Mg1.828 Fe.172) Si O4,0,0,0,0.172,1.828,0,0,0,4,1,4.762,10.231,5.993,291.979,,,Pbnm,"Neues Jahrbuch fur Mineralogie, Monatshefte 7 (1986) 313-324","Locality: Finero, Ivrea-Verbano Zone, Western Italian Alps"
Forsterite,Mg1.69Fe0.31SiO4,0,0,0,0.31,1.69,0,0,0,4,1,4.756,10.224,6.004,291.9,,,Pbnm,"Zeitschrift für Naturforschung B Anorganische Chemie, Organische Chemie 33b (1978) 731-736","Synthetic, quenched"
Forsterite,(Mg1.8 Fe.2) Si O4,0,0,0,0.2,1.8,0,0,0,4,1,4.764,10.226,5.991,291.862,,,Pbnm,"Neues Jahrbuch fur Mineralogie, Monatshefte 7 (1986) 313-324","Locality: Balmuccia, Ivrea-Verbano Zone, Western Italian Alps"
Forsterite,(Mg1.8 Fe.2) Si O4,0,0,0,0.2,1.8,0,0,0,4,1,4.762,10.225,5.994,291.857,,,Pbnm,American Mineralogist 53 (1968) 807-824,
Forsterite,Mg1.782Fe0.216Mn0.002SiO4,0,0,0,0.216,1.782,0.002,0,0,4,1,4.7628,10.2227,5.9933,291.81,,,Pbnm,Mineralogical Magazine 36 (1968) 1123-1134,Sample YS27
Forsterite,Mg1.8Fe0.2SiO4,0,0,0,0.2,1.8,0,0,0,4,1,4.758,10.221,6.001,291.8,,,Pbnm,"Zeitschrift für Naturforschung B Anorganische Chemie, Organische Chemie 33b (1978) 731-736",Synthetic
Forsterite,Mg1.69Fe0.31SiO4,0,0,0,0.31,1.69,0,0,0,4,1,4.758,10.219,6.002,291.8,,,Pbnm,"Zeitschrift für Naturforschung B Anorganische Chemie, Organische Chemie 33b (1978) 731-736","Synthetic, quenched"
Forsterite,Mg1.69Fe0.31SiO4,0,0,0,0.31,1.69,0,0,0,4,1,4.756,10.222,6.002,291.8,,,Pbnm,"Zeitschrift für Naturforschung B Anorganische Chemie, Organische Chemie 33b (1978) 731-736","Synthetic, quenched"
Forsterite,(Mg1.81Fe0.18Ni0.01)Σ=2Si1.00O4,0,0,0,0.18,1.81,0,0.01,0,4,1,4.7617,10.2255,5.9927,291.789,,,,R040018,"Locality: Trudy\'s mine, San Carlos, Gila County, Arizona, USA"
Forsterite,(Mg1.82Fe0.18)Σ=2Si1.00O4,0,0,0,0.18,1.82,0,0,0,4,1,4.7615,10.2248,5.9932,291.781,,,,R060551,"Locality: Kohiston, Pakistan"
Forsterite,(Mg1.8 Fe.2) Si O4,0,0,0,0.2,1.8,0,0,0,4,1,4.759,10.227,5.995,291.778,,,Pbnm,"Neues Jahrbuch fur Mineralogie, Monatshefte 7 (1986) 313-324","Locality: Baldissero, Ivrea-Verbano Zone, Western Italian Alps"
Forsterite,Mg1.793 Fe.199 Ni.005 Mn.003 Si O4,0,0,0,0.199,1.793,0.003,0.005,0,4,1,4.7624,10.2243,5.9922,291.773,,,Pbnm,Physics and Chemistry of Minerals 17 (1990) 301-312,
Forsterite,Mg1.792 Fe.2 Ni.005 Mn.003 Si O4,0,0,0,0.2,1.792,0.003,0.005,0,4,1,4.7631,10.223,5.992,291.769,,,Pbnm,Physics and Chemistry of Minerals 17 (1990) 301-312,
Forsterite,Mg1.793 Fe.199 Ni.005 Mn.003 Si O4,0,0,0,0.199,1.793,0.003,0.005,0,4,1,4.7617,10.2246,5.9922,291.739,,,Pbnm,Physics and Chemistry of Minerals 17 (1990) 301-312,
Forsterite,Mg1.792 Fe.2 Ni.005 Mn.003 Si O4,0,0,0,0.2,1.792,0.003,0.005,0,4,1,4.7606,10.2234,5.9942,291.735,,,Pbnm,Physics and Chemistry of Minerals 17 (1990) 301-312,
Forsterite,Mg1.9Mn0.1SiO4,0,0,0,0,1.9,0.1,0,0,4,1,4.753,10.231,5.999,291.719,,,Pbnm,Geokhimiya 7 (1984) 1047-1055,Synthetic
Forsterite,Mg1.75Fe0.25SiO4,0,0,0,0.25,1.75,0,0,0,4,1,4.768,10.219,5.997,291.7,,,Pbnm,"Zeitschrift für Naturforschung B Anorganische Chemie, Organische Chemie 33b (1978) 731-736",Synthetic
Forsterite,Mg1.825Fe0.175SiO4,0,0,0,0.175,1.825,0,0,0,4,1,4.758,10.215,6.001,291.7,,,Pbnm,"Zeitschrift für Naturforschung B Anorganische Chemie, Organische Chemie 33b (1978) 731-736",Synthetic
Forsterite,(Mg1.81Fe0.18Ni0.01)Σ=2Si1.00O4,0,0,0,0.18,1.81,0,0.01,0,4,1,4.7614,10.2236,5.9923,291.697,,,,R060535,Locality: unknown
Forsterite,(Mg1.81Fe0.18Ni0.01)Σ=2Si1.00O4,0,0,0,0.18,1.81,0,0.01,0,4,1,4.7615,10.2215,5.9922,291.638,,,,R050117,"Locality: Sapat, Gilgit, Pakistan"
Forsterite,Mg1.826Fe2+0.166Mn0.003Ni0.009Si0.998O4,0,0,0,0.166,1.826,0.003,0.009,0,4,0.998,4.761,10.222,5.991,291.58,,,Pbnm,"Neues Jahrbuch für Mineralogie, Monatshefte 7 (1986) 313-324","Sample AP1288, Locality: Val Grande, Ivrea-Verbano Zone, Western Italian Alps, Italy"
Forsterite,Mg1.808Fe0.190Mn0.002SiO4,0,0,0,0.19,1.808,0.002,0,0,4,1,4.7613,10.219,5.9921,291.55,,,Pbnm,Mineralogical Magazine 36 (1968) 1123-1134,Sample YS29
Forsterite,Mg1.875Fe0.125SiO4,0,0,0,0.125,1.875,0,0,0,4,1,4.753,10.216,6,291.3,,,Pbnm,"Zeitschrift für Naturforschung B Anorganische Chemie, Organische Chemie 33b (1978) 731-736",Synthetic
Forsterite,Mg1.7Fe0.3SiO4,0,0,0,0.3,1.7,0,0,0,4,1,4.753,10.216,6,291.3,,,Pbnm,"Zeitschrift für Naturforschung B Anorganische Chemie, Organische Chemie 33b (1978) 731-736",Synthetic
Forsterite,Mg1.6Fe0.4SiO4,0,0,0,0.4,1.6,0,0,0,4,1,4.753,10.216,6,291.3,,,Pbnm,"Zeitschrift für Naturforschung B Anorganische Chemie, Organische Chemie 33b (1978) 731-736",Synthetic
Forsterite,Mg1.88Fe0.12SiO4,0,0,0,0.12,1.88,0,0,0,4,1,4.759,10.2145,5.988,291.08,,,Pbnm,"Neues Jahrbuch für Mineralogie, Monatshefte 5 (1977) 205-215",Synthetic
Forsterite,(Mg1.85 Fe.15) Si O4,0,0,0,0.15,1.85,0,0,0,4,1,4.7579,10.2151,5.989,291.08,,,Pbnm,American Mineralogist 86 (2001) 55-65,
Forsterite,(Mg1.85 Fe.15) Si O4,0,0,0,0.15,1.85,0,0,0,4,1,4.7579,10.2151,5.989,291.08,,,Pbnm,American Mineralogist 86 (2001) 55-65,
Forsterite,(Mg1.85 Fe.15) Si O4,0,0,0,0.15,1.85,0,0,0,4,1,4.7579,10.2151,5.989,291.08,,,Pbnm,American Mineralogist 86 (2001) 55-65,
Forsterite,(Mg1.84 Fe.16) Si O4,0,0,0,0.16,1.84,0,0,0,4,1,4.7579,10.2151,5.989,291.08,,,Pbnm,American Mineralogist 86 (2001) 55-65,
Forsterite,(Mg1.84 Fe.16) Si O4,0,0,0,0.16,1.84,0,0,0,4,1,4.7579,10.2151,5.989,291.08,,,Pbnm,American Mineralogist 86 (2001) 55-65,
Forsterite,Mg1.9Fe0.1SiO4,0,0,0,0.1,1.9,0,0,0,4,1,4.758,10.2115,5.9865,290.86,,,Pbnm,"Neues Jahrbuch für Mineralogie, Monatshefte 5 (1977) 205-215",Synthetic
Forsterite,Mg1.91Fe0.09SiO4,0,0,0,0.09,1.91,0,0,0,4,1,4.7584,10.2099,5.9863,290.83,,,Pbnm,"Neues Jahrbuch für Mineralogie, Monatshefte 5 (1977) 205-215",Synthetic
Forsterite,Mg1.92Fe0.08SiO4,0,0,0,0.08,1.92,0,0,0,4,1,4.7578,10.2085,5.9857,290.72,,,Pbnm,"Neues Jahrbuch für Mineralogie, Monatshefte 5 (1977) 205-215",Synthetic
Forsterite,Mg1.826Fe0.172Mn0.002SiO4,0,0,0,0.172,1.826,0.002,0,0,4,1,4.7605,10.2116,5.9894,290.68,,,Pbnm,Mineralogical Magazine 36 (1968) 1123-1134,Sample R1839
Forsterite,Mg1.904Fe0.092Mn0.004SiO4,0,0,0,0.092,1.904,0.004,0,0,4,1,4.757,10.2067,5.987,290.68,,,Pbnm,Mineralogical Magazine 36 (1968) 1123-1134,Sample YS31
Forsterite,Mg2.01Si1.00O4,0,0,0,0,2.01,0,0,0,4,1,4.76,10.201,5.985,290.612,,,,Journal of Geophysical Research 96 (1991) 11805-11816,Locality: Synthetic
Forsterite,Mg1.984 Si.994 O4,0,0,0,0,1.984,0,0,0,4,0.994,4.7545,10.2068,5.9863,290.505,,,Pbnm,American Mineralogist 94 (2009) 751-760,Locality: synthetic
Forsterite,Mg1.94Fe0.06SiO4,0,0,0,0.06,1.94,0,0,0,4,1,4.7571,10.2053,5.9831,290.47,,,Pbnm,"Neues Jahrbuch für Mineralogie, Monatshefte 5 (1977) 205-215",Synthetic
Forsterite,Mg1.96Fe0.04SiO4,0,0,0,0.04,1.96,0,0,0,4,1,4.7563,10.2026,5.9842,290.39,,,Pbnm,"Neues Jahrbuch für Mineralogie, Monatshefte 5 (1977) 205-215",Synthetic
Forsterite,Mg1.99 Si.993 O4,0,0,0,0,1.99,0,0,0,4,0.993,4.7547,10.20416,5.98494,290.376,,,Pbnm,American Mineralogist 94 (2009) 751-760,Locality: synthetic
Forsterite,Mg2 Si O4,0,0,0,0,2,0,0,0,4,1,4.7536,10.2066,5.9845,290.357,,,Pbnm,Physics and Chemistry of Minerals 24 (1997) 17-23,
Forsterite,Mg2 Si O4,0,0,0,0,2,0,0,0,4,1,4.75534,10.20141,5.98348,290.266,,,Pnma,Journal of Applied Crystallography 32 (1999) 51-59,Locality: synthetic
Forsterite,Mg2 Si O4,0,0,0,0,2,0,0,0,4,1,4.75534,10.20141,5.98348,290.266,,,Pnma,Journal of Applied Crystallography 32 (1999) 51-59,Locality: synthetic
Forsterite,Mg2SiO4,0,0,0,0,2,0,0,0,4,1,4.75534,10.20141,5.98348,290.266,,,Pbnm,Journal of Applied Crystallography 32 (1999) 51-59,Synthetic
Forsterite,Mg2.000SiO4,0,0,0,0,2,0,0,0,4,1,4.7555,10.1196,5.9827,290.18,,,Pbnm,American Mineralogist 58 (1973) 998-1008,Synthetic
Forsterite,Mg1.98Fe0.02SiO4,0,0,0,0.02,1.98,0,0,0,4,1,4.7555,10.1999,5.9816,290.14,,,Pbnm,"Neues Jahrbuch für Mineralogie, Monatshefte 5 (1977) 205-215",Synthetic
Forsterite,Mg1.997 Si.995 O4,0,0,0,0,1.997,0,0,0,4,0.995,4.7552,10.1985,5.9822,290.112,,,Pbnm,American Mineralogist 94 (2009) 751-760,Locality: synthetic
Forsterite,Mg2SiO4,0,0,0,0,2,0,0,0,4,1,4.7553,10.1977,5.982,290.09,,,Pbnm,Geochemical Journal 2 (1968) 51-59,Synthetic sample Mg8
Forsterite,Mg2.000SiO4,0,0,0,0,2,0,0,0,4,1,4.7549,10.1976,5.9824,290.08,,,Pbnm,American Mineralogist 58 (1973) 998-1008,Synthetic
Forsterite,Mg2SiO4,0,0,0,0,2,0,0,0,4,1,4.7545,10.2,5.9814,290.08,,,Pbnm,Mineralogical Magazine 36 (1968) 1123-1134,synthetic
Forsterite,Mg2.00Si1.00O4,0,0,0,0,2,0,0,0,4,1,4.7558,10.1965,5.9817,290.068,,,,R040052,"Locality: Synthetic, Czochralski method"
Forsterite,Mg2SiO4,0,0,0,0,2,0,0,0,4,1,4.751,10.203,5.983,290.023,,,Pbnm,Geokhimiya 7 (1984) 1047-1055,Synthetic
Liebenbergite,Ni1.50Fe0.50SiO4,0,0,0,0.5,0,0,1.5,0,4,1,4.738,10.241,5.976,289.967,,,Pbnm,American Mineralogist 67 (1982) 1212-1217,"Synthetic, sample H12"
Forsterite,Mg2.000SiO4,0,0,0,0,2,0,0,0,4,1,4.7537,10.198,5.9811,289.96,,,Pbnm,American Mineralogist 58 (1973) 998-1008,Synthetic
Forsterite,Mg2SiO4,0,0,0,0,2,0,0,0,4,1,4.754,10.1971,5.9806,289.92,,,Pbnm,"Neues Jahrbuch für Mineralogie, Monatshefte 5 (1977) 205-215",Synthetic
Forsterite,Mg1.95Fe0.05SiO4,0,0,0,0.05,1.95,0,0,0,4,1,4.749,10.178,5.996,289.8,,,Pbnm,"Zeitschrift für Naturforschung B Anorganische Chemie, Organische Chemie 33b (1978) 731-736",Synthetic
Forsterite,Mg2SiO4,0,0,0,0,2,0,0,0,4,1,4.753,10.191,5.982,289.755,,,Pbnm,American Mineralogist 70 (1985) 568-575,Synthetic
Forsterite,Mg2SiO4,0,0,0,0,2,0,0,0,4,1,4.755,10.196,5.973,289.6,,,Pbnm,"Zeitschrift für Naturforschung B Anorganische Chemie, Organische Chemie 33b (1978) 731-736",Synthetic
Forsterite,Mg2 Si O4,0,0,0,0,2,0,0,0,4,1,4.749,10.1985,5.9792,289.589,,,Pbnm,American Mineralogist 72 (1987) 965-972,
Forsterite,Mg2 Si O4,0,0,0,0,2,0,0,0,4,1,4.7534,10.1902,5.9783,289.577,,,Pbnm,Acta Crystallographica B37 (1981) 513-518,Locality: synthetic
Forsterite,Mg1.9Ni0.1SiO4,0,0,0,0,1.9,0,0.1,0,4,1,4.7523,10.2008,5.9726,289.54,,,Pbnm,Geochemical Journal 2 (1968) 51-59,Synthetic sample Ni1
Forsterite,Mg2 Si O4,0,0,0,0,2,0,0,0,4,1,4.752,10.192,5.978,289.529,,,Pbnm,Physics and Chemistry of Minerals 32 (2005) 301-313,
Forsterite,Mg1.975Fe0.025SiO4,0,0,0,0.025,1.975,0,0,0,4,1,4.741,10.174,5.997,289.3,,,Pbnm,"Zeitschrift für Naturforschung B Anorganische Chemie, Organische Chemie 33b (1978) 731-736",Synthetic
Forsterite,(Ni.3 Mg1.7) Si O4,0,0,0,0,1.7,0,0.3,0,4,1,4.7515,10.199,5.9696,289.29,,,Pbnm,American Mineralogist 86 (2001) 1170-1187,
Forsterite,(Ni.4 Mg1.6) Si O4,0,0,0,0,1.6,0,0.4,0,4,1,4.7487,10.201,5.9678,289.089,,,Pbnm,American Mineralogist 86 (2001) 1170-1187,
Forsterite,(Mg1.76 Fe.24) Si O4,0,0,0,0.24,1.76,0,0,0,4,1,4.74,10.23,5.96,289.002,,,Pbnm,American Mineralogist 80 (1995) 197-200,
Forsterite,Mg1.52Ni0.48SiO4,0,0,0,0,1.52,0,0.48,0,4,1,4.7485,10.1988,5.9627,288.77,,,Pbnm,Geochemical Journal 2 (1968) 51-59,Synthetic sample Ni2
Forsterite,(Ni.5 Mg1.5) Si O4,0,0,0,0,1.5,0,0.5,0,4,1,4.7473,10.196,5.9597,288.47,,,Pbnm,American Mineralogist 86 (2001) 1170-1187,
Forsterite,(Ni.598 Mg1.402) Si O4,0,0,0,0,1.402,0,0.598,0,4,1,4.7466,10.2003,5.9556,288.351,,,Pbnm,American Mineralogist 74 (1989) 411-421,
Forsterite,(Mg1.4 Ni.6) Si O4,0,0,0,0,1.4,0,0.6,0,4,1,4.7458,10.1986,5.9563,288.288,,,Pbnm,American Mineralogist 74 (1989) 411-421,
Forsterite,(Mg1.4 Ni.6) Si O4,0,0,0,0,1.4,0,0.6,0,4,1,4.7447,10.1993,5.9567,288.26,,,Pbnm,American Mineralogist 72 (1987) 965-972,
Forsterite,(Ni.6 Mg1.4) Si O4,0,0,0,0,1.4,0,0.6,0,4,1,4.746,10.194,5.9568,288.194,,,Pbnm,American Mineralogist 86 (2001) 1170-1187,
Forsterite,(Ni.597 Mg1.403) Si O4,0,0,0,0,1.403,0,0.597,0,4,1,4.7459,10.195,5.9559,288.173,,,Pbnm,American Mineralogist 74 (1989) 411-421,
Forsterite,(Ni.617 Mg1.383) Si O4,0,0,0,0,1.383,0,0.617,0,4,1,4.7452,10.1909,5.9583,288.131,,,Pbnm,American Mineralogist 74 (1989) 411-421,
Forsterite,(Ni.616 Mg1.384) Si O4,0,0,0,0,1.384,0,0.616,0,4,1,4.7453,10.1926,5.9559,288.069,,,Pbnm,American Mineralogist 74 (1989) 411-421,
Forsterite,(Ni.9 Mg1.02 Fe.08) Si O4,0,0,0,0.08,1.02,0,0.9,0,4,1,4.747,10.193,5.951,287.946,,,Pbnm,American Mineralogist 67 (1982) 1206-1211,Locality: synthetic
Forsterite,Mg1.26Ni0.74SiO4,0,0,0,0,1.26,0,0.74,0,4,1,4.7444,10.1939,5.9534,287.93,,,Pbnm,Geochemical Journal 2 (1968) 51-59,Synthetic sample Ni3
Forsterite,(Mg1.276 Ni.724) Si O4,0,0,0,0,1.276,0,0.724,0,4,1,4.7437,10.1947,5.9508,287.784,,,Pbnm,American Mineralogist 72 (1987) 965-972,
Liebenbergite,(Ni1.034 Mg.966) Si O4,0,0,0,0,0.966,0,1.034,0,4,1,4.7392,10.1939,5.9432,287.122,,,Pbnm,American Mineralogist 74 (1989) 411-421,
Liebenbergite,(Ni Mg) Si O4,0,0,0,0,1,0,1,0,4,1,4.7396,10.187,5.9467,287.12,,,Pbnm,American Mineralogist 86 (2001) 1170-1187,
Liebenbergite,(Mg.98 Ni1.02) Si O4,0,0,0,0,0.98,0,1.02,0,4,1,4.739,10.183,5.943,286.793,,,Pbnm,American Mineralogist 72 (1987) 965-972,
Liebenbergite,(Ni.999 Mg1.001) Si O4,0,0,0,0,1.001,0,0.999,0,4,1,4.7398,10.1773,5.9443,286.743,,,Pbnm,American Mineralogist 74 (1989) 411-421,
Liebenbergite,(Mg.97 Ni1.03) Si O4,0,0,0,0,0.97,0,1.03,0,4,1,4.7431,10.1765,5.9401,286.718,,,Pbnm,American Mineralogist 74 (1989) 411-421,
Liebenbergite,Ni1.66 Mg.34 Si O4,0,0,0,0,0.34,0,1.66,0,4,1,4.7311,10.1797,5.9408,286.116,,,Pbnm,American Mineralogist 66 (1981) 770-776,
Liebenbergite,(Ni Mg) Si O4,0,0,0,0,1,0,1,0,4,1,4.7362,10.1682,5.9401,286.067,,,Pbnm,American Mineralogist 81 (1996) 1519-1522,
Liebenbergite,Si (Ni1.03 Mg.97) O4,0,0,0,0,0.97,0,1.03,0,4,1,4.7366,10.1716,5.9374,286.057,,,Pbnm,American Mineralogist 60 (1975) 292-299,
Liebenbergite,(Ni1.34 Mg.66) Si O4,0,0,0,0,0.66,0,1.34,0,4,1,4.7393,10.162,5.933,285.738,,,Pbnm,American Mineralogist 74 (1989) 411-421,
Liebenbergite,(Ni1.399 Mg.601) Si O4,0,0,0,0,0.601,0,1.399,0,4,1,4.737,10.1616,5.9337,285.622,,,Pbnm,American Mineralogist 74 (1989) 411-421,
Liebenbergite,(Ni1.16 Mg.84) Si O4,0,0,0,0,0.84,0,1.16,0,4,1,4.7366,10.164,5.9322,285.593,,,Pbnm,American Mineralogist 66 (1981) 770-776,
Forsterite,Si Mg2 O4,0,0,0,0,2,0,0,0,4,1,4.79,10.19,5.85,285.539,,,Pbnm,American Mineralogist 57 (1972) 709-731,Locality: hypothetical
Liebenbergite,(Mg.62 Ni1.38) Si O4,0,0,0,0,0.62,0,1.38,0,4,1,4.7352,10.1612,5.9317,285.406,,,Pbnm,American Mineralogist 72 (1987) 965-972,
Liebenbergite,(Ni1.38 Mg.62) Si O4,0,0,0,0,0.62,0,1.38,0,4,1,4.7345,10.1623,5.9317,285.394,,,Pbnm,American Mineralogist 74 (1989) 411-421,
Liebenbergite,(Ni1.55 Mg.45) Si O4,0,0,0,0,0.45,0,1.55,0,4,1,4.7339,10.1583,5.9303,285.178,,,Pbnm,American Mineralogist 74 (1989) 411-421,
Liebenbergite,Ni1.48Mg0.52SiO4,0,0,0,0,0.52,0,1.48,0,4,1,4.7345,10.1539,5.929,285.03,,,Pbnm,Geochemical Journal 2 (1968) 51-59,Synthetic sample Ni6
Liebenbergite,(Mg.5 Ni1.5) Si O4,0,0,0,0,0.5,0,1.5,0,4,1,4.7331,10.1565,5.9285,284.993,,,Pbnm,American Mineralogist 72 (1987) 965-972,
Liebenbergite,(Ni1.46 Mg.54) Si O4,0,0,0,0,0.54,0,1.46,0,4,1,4.735,10.1526,5.9278,284.965,,,Pbnm,American Mineralogist 74 (1989) 411-421,
Liebenbergite,(Ni Mg) Si O4,0,0,0,0,1,0,1,0,4,1,4.7325,10.1454,5.9313,284.78,,,Pbnm,American Mineralogist 81 (1996) 1519-1522,
Liebenbergite,(Ni Mg) Si O4,0,0,0,0,1,0,1,0,4,1,4.733,10.1452,5.9303,284.757,,,Pbnm,American Mineralogist 81 (1996) 1519-1522,
Liebenbergite,(Ni Mg) Si O4,0,0,0,0,1,0,1,0,4,1,4.7322,10.1453,5.9309,284.74,,,Pbnm,American Mineralogist 81 (1996) 1519-1522,
Liebenbergite,(Ni1.6 Mg.4) Si O4,0,0,0,0,0.4,0,1.6,0,4,1,4.731,10.144,5.9267,284.43,,,Pbnm,American Mineralogist 86 (2001) 1170-1187,
Liebenbergite,Ni2SiO4,0,0,0,0,0,0,2,0,4,1,4.734,10.133,5.922,284.076,,,Pbnm,Physics and Chemistry of Minerals 28 (2001) 249-257,Synthetic
Liebenbergite,Ni2.009Si0.995O4,0,0,0,0,0,0,2.009,0,4,0.995,4.7349,10.132,5.9172,283.872,,,,R120062,"Locality: Synthetic, by flux method"
Liebenbergite,Ni2 Si O4,0,0,0,0,0,0,2,0,4,1,4.7296,10.1209,5.915,283.138,,,Pbnm,American Mineralogist 72 (1987) 965-972,
Liebenbergite,Ni2SiO4,0,0,0,0,0,0,2,0,4,1,4.7287,10.1214,5.9153,283.11,,,Pbnm,Geochemical Journal 2 (1968) 51-59,Synthetic sample Ni8
Fayalite,Mg0.057Fe1.297Mn0.567Ca0.001SiO4,0,0.001,0,1.297,0.057,0.567,0,0,4,1,4.844,10.552,6.135,313.563,,,Pbnm,The Canadian Mineralogist 14 (1976) 479-486,"Sample 4095 from Bluebell mine, British Columbia, Canada"
Fayalite,Mg0.078Fe1.112Mn0.728Ca0.001SiO4,0,0.001,0,1.112,0.078,0.728,0,0,4,1,4.842,10.552,6.136,313.558,,,Pbnm,The Canadian Mineralogist 14 (1976) 479-486,"Sample 4094 from Bluebell mine, British Columbia, Canada"
Fayalite,Mg0.052Fe1.319Mn0.545Ca0.001SiO4,0,0.001,0,1.319,0.052,0.545,0,0,4,1,4.831,10.558,6.137,313.075,,,Pbnm,The Canadian Mineralogist 14 (1976) 479-486,"Sample 4092 from Bluebell mine, British Columbia, Canada"
Forsterite,Mg1.548Mn0.451Ca0.001SiO4,0,0.001,0,0,1.548,0.451,0,0,4,1,4.775,10.344,6.049,298.8,,,Pbnm,American Mineralogist 70 (1985) 568-575,"From Langban, Sweden"
Forsterite,Mg1.832Mn0.163Fe0.004Ca0.001SiO4,0,0.001,0,0.004,1.832,0.163,0,0,4,1,4.761,10.254,6.007,293.3,,,Pbnm,American Mineralogist 70 (1985) 568-575,"From Langban, Sweden"
Forsterite,Mg1.832Mn0.164Fe0.003Ca0.001SiO4,0,0.001,0,0.003,1.832,0.164,0,0,4,1,4.76,10.244,6.006,292.8,,,Pbnm,American Mineralogist 70 (1985) 568-575,"From Langban, Sweden"
Forsterite,Mg1.825Fe2+0.168Mn0.002Ni0.008Ca0.001Si.998O4,0,0.001,0,0.168,1.825,0.002,0.008,0,4,0.998,4.761,10.22,5.991,291.52,,,Pbnm,"Neues Jahrbuch für Mineralogie, Monatshefte 7 (1986) 313-324","Sample 84CR3, Locality: Finero, Ivrea-Verbano Zone, Western Italian Alps, Italy"
Forsterite,Mg1.918Mn0.079Fe0.002Ca0.001SiO4,0,0.001,0,0.002,1.918,0.079,0,0,4,1,4.757,10.219,5.993,291.3,,,Pbnm,American Mineralogist 70 (1985) 568-575,"From Langban, Sweden"
Fayalite,(Fe+21.020Mn+20.931Mg0.052Ca0.002Zn0.001)Σ=2.006Si0.997O4,0,0.002,0,1.02,0.052,0.931,0,0.001,4,0.997,4.8524,10.607,6.158,316.949,,,,R100104,"Locality: Dannemora, Uppsala Province, Sweden"
Forsterite,(Mg1.998Ca0.002Zn0.001)Σ=2.001Si1.000O4,0,0.002,0,0,1.998,0,0,0.001,4,1,4.759,10.218,5.984,290.987,,,,R100099,Locality: Synthetic
Fayalite,Mg0.089Fe1.225Mn0.596Ca0.002SiO4,0,0.002,0,1.225,0.089,0.596,0,0,4,1,4.828,10.549,6.109,311.135,,,Pbnm,The Canadian Mineralogist 14 (1976) 479-486,"Sample 4096 from Bluebell mine, British Columbia, Canada"
Fayalite,Mg0.074Fe1.806Mn0.118Ca0.002SiO4,0,0.002,0,1.806,0.074,0.118,0,0,4,1,4.8161,10.4689,6.0974,307.43,,,Pbnm,Mineralogical Magazine 36 (1968) 1123-1134,Sample YS3
Fayalite,Mg0.544Fe1.434Mn0.020Ca0.002SiO4,0,0.002,0,1.434,0.544,0.02,0,0,4,1,4.8002,10.4028,6.0748,303.36,,,Pbnm,Mineralogical Magazine 36 (1968) 1123-1134,Sample YS9
Forsterite,Mg1.510Fe0.482Mn0.006Ca0.002SiO4,0,0.002,0,0.482,1.51,0.006,0,0,4,1,4.7723,10.2643,6.0147,294.62,,,Pbnm,Mineralogical Magazine 36 (1968) 1123-1134,Sample R2287
Forsterite,Mg1.742Fe0.250Mn0.006Ca0.002SiO4,0,0.002,0,0.25,1.742,0.006,0,0,4,1,4.7646,10.236,5.9983,292.54,,,Pbnm,Mineralogical Magazine 36 (1968) 1123-1134,Sample YS21
Forsterite,Mg1.770Fe0.226Mn0.002Ca0.002SiO4,0,0.002,0,0.226,1.77,0.002,0,0,4,1,4.7619,10.2248,5.9943,291.85,,,Pbnm,Mineralogical Magazine 36 (1968) 1123-1134,Sample YS25
Forsterite,Mg1.802Fe0.194Mn0.002Ca0.002SiO4,0,0.002,0,0.194,1.802,0.002,0,0,4,1,4.7599,10.2299,5.9933,291.85,,,Pbnm,Mineralogical Magazine 36 (1968) 1123-1134,Sample YS28
Forsterite,Mg1.356Mn0.640Fe0.002Ca0.003SiO4,0,0.003,0,0.002,1.356,0.64,0,0,4,1,4.782,10.406,6.083,302.7,,,Pbnm,American Mineralogist 70 (1985) 568-575,"From Langban, Sweden"
Forsterite,Mg1.543Mn0.453Fe0.001Ca0.003SiO4,0,0.003,0,0.001,1.543,0.453,0,0,4,1,4.773,10.351,6.055,299.1,,,Pbnm,American Mineralogist 70 (1985) 568-575,"From Langban, Sweden"
Fayalite,Fe1.936Mn0.060Ca0.004SiO4,0,0.004,0,1.936,0,0.06,0,0,4,1,4.8177,10.4789,6.1046,308.19,,,Pbnm,Mineralogical Magazine 36 (1968) 1123-1134,Sample YS1
Fayalite,(Fe1.844 Mg.078 Mn.074 Ca.004) Si O4,0,0.004,0,1.844,0.078,0.074,0,0,4,1,4.816,10.469,6.099,307.504,,,Pbnm,American Mineralogist 53 (1968) 807-824,
Fayalite,Mg0.266Fe1.704Mn0.026Ca0.004SiO4,0,0.004,0,1.704,0.266,0.026,0,0,4,1,4.8099,10.442,6.0892,305.83,,,Pbnm,Mineralogical Magazine 36 (1968) 1123-1134,Sample YS5
Forsterite,Mg1.368Mn0.626Fe0.002Ca0.004SiO4,0,0.004,0,0.002,1.368,0.626,0,0,4,1,4.778,10.398,6.078,302,,,Pbnm,American Mineralogist 70 (1985) 568-575,"From Langban, Sweden"
Forsterite,Mg1.07 Fe.912 Mn.012 Ca.004 Si O4,0,0.004,0,0.912,1.07,0.012,0,0,4,1,4.785,10.325,6.038,298.308,,,Pbnm,American Mineralogist 53 (1968) 807-824,
Forsterite,Mg1.070Fe0.914Mn0.012Ca0.004SiO4,0,0.004,0,0.914,1.07,0.012,0,0,4,1,4.7832,10.3227,6.0337,297.92,,,Pbnm,Mineralogical Magazine 36 (1968) 1123-1134,Sample YS15
Tephroite,Mg0.372Mn1.620Fe0.004Ca0.005SiO4,0,0.005,0,0.004,0.372,1.62,0,0,4,1,4.86,10.58,6.225,320.1,,,Pbnm,American Mineralogist 70 (1985) 568-575,"Locality: Langban, Sweden"
Forsterite,Mg1.584 Fe.399 Mn.012 Ca.005 Si O4,0,0.005,0,0.399,1.584,0.012,0,0,4,1,4.7701,10.2556,6.006,293.815,,,Pbnm,Physics and Chemistry of Minerals 17 (1990) 301-312,
Forsterite,Mg1.583 Fe.399 Mn.012 Ca.005 Si O4,0,0.005,0,0.399,1.583,0.012,0,0,4,1,4.7688,10.256,6.0065,293.771,,,Pbnm,Physics and Chemistry of Minerals 17 (1990) 301-312,
Forsterite,Mg1.583 Fe.399 Mn.012 Ca.005 Si O4,0,0.005,0,0.399,1.583,0.012,0,0,4,1,4.7687,10.2555,6.0066,293.755,,,Pbnm,Physics and Chemistry of Minerals 17 (1990) 301-312,
Forsterite,Mg1.583 Fe.399 Mn.012 Ca.005 Si O4,0,0.005,0,0.399,1.583,0.012,0,0,4,1,4.7696,10.255,6.0053,293.733,,,Pbnm,Physics and Chemistry of Minerals 17 (1990) 301-312,
Forsterite,Mg1.028Mn0.964Fe0.002Ca0.006SiO4,0,0.006,0,0.002,1.028,0.964,0,0,4,1,4.799,10.499,6.127,308.7,,,Pbnm,American Mineralogist 70 (1985) 568-575,"From Langban, Sweden"
Forsterite,Mg1.139 Fe.825 Mn.03 Ca.006 Si O4,0,0.006,0,0.825,1.139,0.03,0,0,4,1,4.7911,10.3316,6.035,298.731,,,Pbnm,Physics and Chemistry of Minerals 17 (1990) 301-312,
Forsterite,Mg1.139 Fe.825 Mn.03 Ca.006 Si O4,0,0.006,0,0.825,1.139,0.03,0,0,4,1,4.7891,10.3321,6.0346,298.601,,,Pbnm,Physics and Chemistry of Minerals 17 (1990) 301-312,
Forsterite,Mg1.139 Fe.825 Mn.03 Ca.006 Si O4,0,0.006,0,0.825,1.139,0.03,0,0,4,1,4.7871,10.3325,6.0347,298.493,,,Pbnm,Physics and Chemistry of Minerals 17 (1990) 301-312,
Forsterite,Mg1.817 Fe.164 Ni.01 Mn.003 Ca.007 Si O4,0,0.007,0,0.164,1.817,0.003,0.01,0,4,1,4.762,10.2257,5.993,291.828,,,Pbnm,Physics and Chemistry of Minerals 17 (1990) 301-312,
Forsterite,Mg1.817 Fe.164 Ni.01 Mn.003 Ca.007 Si O4,0,0.007,0,0.164,1.817,0.003,0.01,0,4,1,4.762,10.2207,5.9907,291.573,,,Pbnm,Physics and Chemistry of Minerals 17 (1990) 301-312,
Tephroite,Mg0.613Mn1.363Fe0.015Ca0.008SiO4,0,0.008,0,0.015,0.613,1.363,0,0,4,1,4.83,10.553,6.18,315,,,Pbnm,American Mineralogist 70 (1985) 568-575,"Locality: Langban, Sweden"
Tephroite,Mg0.917Mn1.074Fe0.002Ca0.008SiO4,0,0.008,0,0.002,0.917,1.074,0,0,4,1,4.81,10.54,6.149,311.7,,,Pbnm,American Mineralogist 70 (1985) 568-575,"Locality: Langban, Sweden"
Forsterite,Mg1.516Fe0.470Mn0.006Ca0.008SiO4,0,0.008,0,0.47,1.516,0.006,0,0,4,1,4.774,10.266,6.0133,294.71,,,Pbnm,Mineralogical Magazine 36 (1968) 1123-1134,Sample YS18
Forsterite,Si Mg1.38 Fe.61 Ca.01 O4,0,0.01,0,0.61,1.38,0,0,0,4,1,4.785,10.298,6.028,297.035,,24 C,Pbnm,American Mineralogist 58 (1973) 577-587,
Forsterite,Si Mg1.64 Fe.35 Ca.01 O4,0,0.01,0,0.35,1.64,0,0,0,4,1,4.771,10.274,6.011,294.643,,24 C,Pbnm,American Mineralogist 58 (1973) 577-587,
Fayalite,Mg0.182Fe1.778Mn0.030Ca0.010SiO4,0,0.01,0,1.778,0.182,0.03,0,0,4,1,4.8122,10.4524,6.0945,305.55,,,Pbnm,Mineralogical Magazine 36 (1968) 1123-1134,Sample R2202
Forsterite,Mg1.198Fe0.778Mn0.014Ca0.010SiO4,0,0.01,0,0.778,1.198,0.014,0,0,4,1,4.7839,10.3133,6.0295,297.49,,,Pbnm,Mineralogical Magazine 36 (1968) 1123-1134,Sample YS13
Forsterite,Mg1.606Fe0.378Mn0.006Ca0.010SiO4,0,0.01,0,0.378,1.606,0.006,0,0,4,1,4.7698,10.2558,6.007,293.85,,,Pbnm,Mineralogical Magazine 36 (1968) 1123-1134,Sample YS19
Forsterite,Mg1.756Fe0.230Mn0.004Ca0.010SiO4,0,0.01,0,0.23,1.756,0.004,0,0,4,1,4.7636,10.2376,5.9989,292.55,,,Pbnm,Mineralogical Magazine 36 (1968) 1123-1134,Sample YS23
Tephroite,Mg0.740Mn1.237Fe0.003Ca0.011SiO4,0,0.011,0,0.003,0.74,1.237,0,0,4,1,4.827,10.549,6.17,314.2,,,Pbnm,American Mineralogist 70 (1985) 568-575,"Locality: Langban, Sweden"
Fayalite,Fe1.960Mn0.028Ca0.012SiO4,0,0.012,0,1.96,0,0.028,0,0,4,1,4.8176,10.482,6.0995,308.01,,,Pbnm,Mineralogical Magazine 36 (1968) 1123-1134,Sample YS2
Forsterite,Mg1.046Fe0.928Mn0.014Ca0.012SiO4,0,0.012,0,0.928,1.046,0.014,0,0,4,1,4.7849,10.3275,6.0391,298.43,,,Pbnm,Mineralogical Magazine 36 (1968) 1123-1134,Sample YS12
Forsterite,Mg1.218Fe0.756Mn0.014Ca0.012SiO4,0,0.012,0,0.756,1.218,0.014,0,0,4,1,4.7787,10.3168,6.0315,297.36,,,Pbnm,Mineralogical Magazine 36 (1968) 1123-1134,Sample YS14
Tephroite,Mg0.181Mn1.780Fe0.026Ca0.013SiO4,0,0.013,0,0.026,0.181,1.78,0,0,4,1,4.88,10.586,6.234,322,,,Pbnm,American Mineralogist 70 (1985) 568-575,Locality: Madagascar
Tephroite,(Mn2+0.81Zn0.12Mg0.08Ca0.01)2Si1.00O4,0,0.02,0,0,0.16,1.62,0,0.24,4,1,4.862,10.571,6.214,319.376,,,,R060141,"Locality: Franklin, New Jersey, USA"
Fayalite,(Mg.98 Fe.98 Mn.02 Ca.02) Si O4,0,0.02,0,0.98,0.98,0.02,0,0,4,1,4.787,10.341,6.044,299.192,,,Pbnm,American Mineralogist 53 (1968) 807-824,
Tephroite,Mg0.465Mn1.507Fe0.005Ca0.024SiO4,0,0.024,0,0.005,0.465,1.507,0,0,4,1,4.85,10.568,5.203,317.9,,,Pbnm,American Mineralogist 70 (1985) 568-575,"Locality: Langban, Sweden"
Tephroite,(Mn2+1.47Mg0.49Ca0.04)Σ=2Si1.00O4,0,0.04,0,0,0.49,1.47,0,0,4,1,4.845,10.59,6.208,318.523,,,,R070511,"Locality: Langban, Filipstad, Varmland, Sweden"
Forsterite,(Mg1.955Ca0.045)SiO4,0,0.045,0,0,1.955,0,0,0,4,1,4.7585,10.2248,5.9933,291.61,,,Pbnm,American Mineralogist 58 (1973) 998-1008,Synthetic
Forsterite,(Mg1.955Ca0.045)SiO4,0,0.045,0,0,1.955,0,0,0,4,1,4.7581,10.223,5.9929,291.51,,,Pbnm,American Mineralogist 58 (1973) 998-1008,Synthetic
Forsterite,(Mg1.955Ca0.045)SiO4,0,0.045,0,0,1.955,0,0,0,4,1,4.7575,10.2144,5.99,291.08,,,Pbnm,American Mineralogist 58 (1973) 998-1008,Synthetic
Forsterite,(Mg1.909Ca0.091)SiO4,0,0.091,0,0,1.909,0,0,0,4,1,4.7606,10.2499,6.0023,292.89,,,Pbnm,American Mineralogist 58 (1973) 998-1008,Synthetic
Forsterite,(Mg1.909Ca0.091)SiO4,0,0.091,0,0,1.909,0,0,0,4,1,4.7596,10.2463,6.0027,292.74,,,Pbnm,American Mineralogist 58 (1973) 998-1008,Synthetic
Forsterite,(Mg1.863Ca0.137)SiO4,0,0.137,0,0,1.863,0,0,0,4,1,4.7664,10.2926,6.023,295.48,,,Pbnm,American Mineralogist 58 (1973) 998-1008,Synthetic
Forsterite,(Mg1.820Ca0.180)SiO4,0,0.18,0,0,1.82,0,0,0,4,1,4.7694,10.318,6.0353,297,,,Pbnm,American Mineralogist 58 (1973) 998-1008,Synthetic
Fayalite,(Fe1.75Ca0.25)SiO4,0,0.25,0,1.75,0,0,0,0,4,1,4.846,10.685,6.136,317.719,,,Pbnm,Mineralogical Magazine 36 (1968) 955-961,Synthetic sample 2
Fayalite,(Fe1.508Ca0.492)SiO4,0,0.492,0,1.508,0,0,0,0,4,1,4.854,10.83,6.24,328.029,,,Pbnm,Mineralogical Magazine 36 (1968) 955-961,Synthetic sample 3
Fayalite,(Fe1.252Ca0.748)SiO4,0,0.748,0,1.252,0,0,0,0,4,1,4.87,11.078,6.385,344.47,,,Pbnm,Mineralogical Magazine 36 (1968) 955-961,Synthetic sample 4
Monticellite,(Mg1.218Ca0.782)SiO4,0,0.782,0,0,1.218,0,0,0,4,1,4.8139,10.9131,6.2921,330.56,,,Pbnm,American Mineralogist 58 (1973) 998-1008,Synthetic
Monticellite,(Mg1.164Ca0.836)SiO4,0,0.836,0,0,1.164,0,0,0,4,1,4.8152,10.9599,6.3092,332.96,,,Pbnm,American Mineralogist 58 (1973) 998-1008,Synthetic
Monticellite,(Mg1.110Ca0.890)SiO4,0,0.89,0,0,1.11,0,0,0,4,1,4.818,11.0074,6.3327,335.84,,,Pbnm,American Mineralogist 58 (1973) 998-1008,Synthetic
Monticellite,(Mg1.065Ca0.935)SiO4,0,0.935,0,0,1.065,0,0,0,4,1,4.8202,11.0506,6.3519,338.34,,,Pbnm,American Mineralogist 58 (1973) 998-1008,Synthetic
Monticellite,(Mg1.055Ca0.945)SiO4,0,0.945,0,0,1.055,0,0,0,4,1,4.8201,11.053,6.3552,338.59,,,Pbnm,American Mineralogist 58 (1973) 998-1008,Synthetic
Monticellite,(Ca0.959Mg0.474Mn+20.305Fe+20.268Zn0.002)Σ=2.008Si0.996O4,0,0.959,0,0.268,0.474,0.305,0,0.002,4,0.996,4.8635,11.124,6.427,347.711,,,,R100108,"Locality: Oka, Deux-montagnes County, Quebec, Canada"
Glaucochroite,Mn.87 Mg.1 Zn.05 Ca.98 Si O4,0,0.98,0,0,0.1,0.87,0,0.05,4,1,4.913,11.151,6.488,355.444,,25 C,Pbnm,American Mineralogist 63 (1978) 365-377,
Monticellite,Ca0.99(Mg0.85 Fe0.12Mn0.03)Si1.00O4,0,0.99,0,0.12,0.85,0.03,0,0,4,1,4.8295,11.1083,6.3872,342.658,,,,R040115,"Locality: Magnet Cove, Arkansas, USA"
Monticellite,(Mg1.010Ca0.990)SiO4,0,0.99,0,0,1.01,0,0,0,4,1,4.8209,11.0911,6.3726,340.74,,,Pbnm,American Mineralogist 58 (1973) 998-1008,Synthetic
Kirschsteinite,(Fe1.002Ca0.998)SiO4,0,0.998,0,1.002,0,0,0,0,4,1,4.91,11.126,6.457,352.737,,,Pbnm,Mineralogical Magazine 36 (1968) 955-961,Synthetic sample 5
Monticellite,(Mg.93 Fe.07) Ca Si O4,0,1,0,0.07,0.93,0,0,0,4,1,4.825,11.111,6.383,342.196,,25 C,Pbnm,American Mineralogist 63 (1978) 365-377,
Monticellite,Mg Ca Si O4,0,1,0,0,1,0,0,0,4,1,4.821,11.105,6.381,341.621,.001 kbar,,Pbnm,American Mineralogist 72 (1987) 748-755,
Kirschsteinite,Ca Fe.77 Mg.22 Si O4,0,1,0,0.77,0.22,0,0,0,4,1,4.877,11.166,6.448,351.136,,,Pbnm,European Journal of Mineralogy 9 (1997) 969-973,
Kirschsteinite,Ca (Fe.69 Mg.31) Si O4,0,1,0,0.69,0.31,0,0,0,4,1,4.875,11.164,6.447,350.875,,,Pbnm,European Journal of Mineralogy 9 (1997) 969-973,
Monticellite,(Mg.88 Fe.12) Ca Si O4,0,1,0,0.12,0.88,0,0,0,4,1,4.8281,11.1098,6.3894,342.722,,,Pnma,Acta Crystallographica B51 (1995) 721-733,"Locality: Crestmore, California, USA"
Monticellite,(Ca1.017Mg0.916Fe+20.070Mn+20.006Zn0.001)Σ=2.010Si0.995O4,0,1.017,0,0.07,0.916,0.006,0,0.001,4,0.995,4.8315,11.117,6.3928,343.369,,,,R100106,"Locality: Crestmore, Riverside County, California, USA"
Monticellite,(Ca1.021Mg0.896Fe+20.086Mn+20.003)Σ=2.006Si0.996O4,0,1.021,0,0.086,0.896,0.003,0,0,4,0.996,4.829,11.116,6.393,343.171,,,,R100107,"Locality: Crestmore, Riverside County, California, USA"
Kirschsteinite,(Fe0.896Ca1.104)Σ=2SiO4,0,1.104,0,0.896,0,0,0,0,4,1,4.922,11.202,6.489,357.779,,,Pbnm,Mineralogical Magazine 36 (1968) 955-961,Synthetic sample 6
Kirschsteinite,(Fe0.783Ca1.217)Σ=2SiO4,0,1.217,0,0.783,0,0,0,0,4,1,4.906,11.206,6.485,356.523,,,Pbnm,Mineralogical Magazine 36 (1968) 955-961,Synthetic sample 7
Calcio-olivine,Ca2 Si O4,0,2,0,0,0,0,0,0,4,1,5.081,11.224,6.778,386.544,,,Pbnm,Cement and Concrete Research 10 (1980) 139-144,Locality: synthetic
Calcio-olivine,Ca2 Si O4,0,2,0,0,0,0,0,0,4,1,5.07389,11.21128,6.7534,384.166,,,Pbnm,Crystallography Reports 53 (2008) 404-408,"Locality: Lakargi Mountain, North Caucasus, Kabardino-Balkaria, Russia"
