mineral,Ca,Co2+,Fe2+,Mg,Mn2+,Ni,Zn,O,Si,a,b,c,V,space group,reference
Liebenbergite,0,0,0,0,0,2,0,4,1,4.724,10.1136,5.9088,282.303,Pbnm,"Neues Jahrbuch für Mineralogie, Monatshefte 1987 (1987) 97-106"
Liebenbergite,0,0,0,0,0,2,0,4,1,4.7249,10.1151,5.9095,282.432,Pbnm,"Neues Jahrbuch für Mineralogie, Monatshefte 1987 (1987) 97-106"
Liebenbergite,0,0,0,0,0,2,0,4,1,4.726,10.118,5.913,282.746,Pbnm,American Mineralogist 63 (1978) 365-377
Liebenbergite,0,0,0,0.4,0,1.6,0,4,1,4.7267,10.1397,5.9194,283.701,Pbnm,"Neues Jahrbuch für Mineralogie, Monatshefte 1987 (1987) 97-106"
Liebenbergite,0,0,0,0.4,0,1.6,0,4,1,4.7276,10.1402,5.9198,283.788,Pbnm,"Neues Jahrbuch für Mineralogie, Monatshefte 1987 (1987) 97-106"
Liebenbergite,0,0,0,0,0,2,0,4,1,4.7287,10.1214,5.9153,283.11,Pbnm,Geochemical Journal 2 (1968) 51-59
Liebenbergite,0,0,0,0,0,2,0,4,1,4.7296,10.1209,5.915,283.138,Pbnm,American Mineralogist 72 (1987) 965-972
Liebenbergite,0,0,0,0.4,0,1.6,0,4,1,4.731,10.144,5.9267,284.43,Pbnm,American Mineralogist 86 (2001) 1170-1187
Liebenbergite,0,0,0,0.34,0,1.66,0,4,1,4.7311,10.1797,5.9408,286.116,Pbnm,American Mineralogist 66 (1981) 770-776
Liebenbergite,0,0,0,1,0,1,0,4,1,4.7322,10.1453,5.9309,284.74,Pbnm,American Mineralogist 81 (1996) 1519-1522
Liebenbergite,0,0,0,1,0,1,0,4,1,4.7325,10.1454,5.9313,284.78,Pbnm,American Mineralogist 81 (1996) 1519-1522
Liebenbergite,0,0,0,1,0,1,0,4,1,4.733,10.1452,5.9303,284.757,Pbnm,American Mineralogist 81 (1996) 1519-1522
Liebenbergite,0,0,0,0.5,0,1.5,0,4,1,4.7331,10.1565,5.9285,284.993,Pbnm,American Mineralogist 72 (1987) 965-972
Liebenbergite,0,0,0,0.8,0,1.2,0,4,1,4.7338,10.1723,5.9376,285.917,Pbnm,"Neues Jahrbuch für Mineralogie, Monatshefte 1987 (1987) 97-106"
Liebenbergite,0,0,0,0.45,0,1.55,0,4,1,4.7339,10.1583,5.9303,285.178,Pbnm,American Mineralogist 74 (1989) 411-421
Liebenbergite,0,0,0,0,0,2,0,4,1,4.734,10.133,5.922,284.076,Pbnm,Physics and Chemistry of Minerals 28 (2001) 249-257
Liebenbergite,0,0,0,0.8,0,1.2,0,4,1,4.7343,10.1742,5.9381,286.025,Pbnm,"Neues Jahrbuch für Mineralogie, Monatshefte 1987 (1987) 97-106"
Liebenbergite,0,0,0,0.52,0,1.48,0,4,1,4.7345,10.1539,5.929,285.03,Pbnm,Geochemical Journal 2 (1968) 51-59
Liebenbergite,0,0,0,0.62,0,1.38,0,4,1,4.7345,10.1623,5.9317,285.394,Pbnm,American Mineralogist 74 (1989) 411-421
Liebenbergite,0,0,0,0,0,2,0,4,1,4.7349,10.132,5.9172,283.872,,R120062
Liebenbergite,0,0,0,0.54,0,1.46,0,4,1,4.735,10.1526,5.9278,284.965,Pbnm,American Mineralogist 74 (1989) 411-421
Liebenbergite,0,0,0,0.62,0,1.38,0,4,1,4.7352,10.1612,5.9317,285.406,Pbnm,American Mineralogist 72 (1987) 965-972
Liebenbergite,0,0,0,1,0,1,0,4,1,4.7362,10.1682,5.9401,286.067,Pbnm,American Mineralogist 81 (1996) 1519-1522
Liebenbergite,0,0,0,0.84,0,1.16,0,4,1,4.7366,10.164,5.9322,285.593,Pbnm,American Mineralogist 66 (1981) 770-776
Liebenbergite,0,0,0,0.97,0,1.03,0,4,1,4.7366,10.1716,5.9374,286.057,Pbnm,American Mineralogist 60 (1975) 292-299
Liebenbergite,0,0,0,0.601,0,1.399,0,4,1,4.737,10.1616,5.9337,285.622,Pbnm,American Mineralogist 74 (1989) 411-421
Forsterite,0,0,0,1,0,1,0,4,1,4.73717,10.187,5.9466,286.968,Pbnm,American Mineralogist 86 (2001) 1170-1187
Liebenbergite,0,0,0.5,0,0,1.5,0,4,1,4.738,10.241,5.976,289.967,Pbnm,American Mineralogist 67 (1982) 1212-1217
Liebenbergite,0,0,0,0.98,0,1.02,0,4,1,4.739,10.183,5.943,286.793,Pbnm,American Mineralogist 72 (1987) 965-972
Liebenbergite,0,0,0,0.966,0,1.034,0,4,1,4.7392,10.1939,5.9432,287.122,Pbnm,American Mineralogist 74 (1989) 411-421
Liebenbergite,0,0,0,0.66,0,1.34,0,4,1,4.7393,10.162,5.933,285.738,Pbnm,American Mineralogist 74 (1989) 411-421
Liebenbergite,0,0,0,1,0,1,0,4,1,4.7396,10.187,5.9467,287.12,Pbnm,American Mineralogist 86 (2001) 1170-1187
Liebenbergite,0,0,0,1.001,0,0.999,0,4,1,4.7398,10.1773,5.9443,286.743,Pbnm,American Mineralogist 74 (1989) 411-421
Forsterite,0,0,0.24,1.76,0,0,0,4,1,4.74,10.23,5.96,289.002,Pbnm,American Mineralogist 80 (1995) 197-200
Forsterite,0,0,0,1,0,1,0,4,1,4.74016,10.1874,5.94729,287.194,Pbnm,American Mineralogist 86 (2001) 1170-1187
Forsterite,0,0,0.025,1.975,0,0,0,4,1,4.741,10.174,5.997,289.3,Pbnm,"Zeitschrift für Naturforschung B Anorganische Chemie, Organische Chemie 33b (1978) 731-736"
Liebenbergite,0,0,0,0.97,0,1.03,0,4,1,4.7431,10.1765,5.9401,286.718,Pbnm,American Mineralogist 74 (1989) 411-421
Forsterite,0,0,0,1.276,0,0.724,0,4,1,4.7437,10.1947,5.9508,287.784,Pbnm,American Mineralogist 72 (1987) 965-972
Forsterite,0,0,0,1.26,0,0.74,0,4,1,4.7444,10.1939,5.9534,287.93,Pbnm,Geochemical Journal 2 (1968) 51-59
Forsterite,0,0,0,1.4,0,0.6,0,4,1,4.7447,10.1993,5.9567,288.26,Pbnm,American Mineralogist 72 (1987) 965-972
Forsterite,0,0,0,1.7,0,0.3,0,4,1,4.7448,10.2062,5.9689,289.052,Pbnm,"Neues Jahrbuch für Mineralogie, Monatshefte 1987 (1987) 97-106"
Forsterite,0,0,0,1.4,0,0.6,0,4,1,4.745,10.1994,5.9607,288.475,Pbnm,"Neues Jahrbuch für Mineralogie, Monatshefte 1987 (1987) 97-106"
Forsterite,0,0,0,1.383,0,0.617,0,4,1,4.7452,10.1909,5.9583,288.131,Pbnm,American Mineralogist 74 (1989) 411-421
Forsterite,0,0,0,1.384,0,0.616,0,4,1,4.7453,10.1926,5.9559,288.069,Pbnm,American Mineralogist 74 (1989) 411-421
Forsterite,0,0,0,1.4,0,0.6,0,4,1,4.7454,10.1994,5.961,288.514,Pbnm,"Neues Jahrbuch für Mineralogie, Monatshefte 1987 (1987) 97-106"
Forsterite,0,0,0,1.4,0,0.6,0,4,1,4.7458,10.1986,5.9563,288.288,Pbnm,American Mineralogist 74 (1989) 411-421
Forsterite,0,0,0,1.403,0,0.597,0,4,1,4.7459,10.195,5.9559,288.173,Pbnm,American Mineralogist 74 (1989) 411-421
Forsterite,0,0,0,1.4,0,0.6,0,4,1,4.746,10.194,5.9568,288.194,Pbnm,American Mineralogist 86 (2001) 1170-1187
Forsterite,0,0,0,1.7,0,0.3,0,4,1,4.7461,10.2097,5.9719,289.376,Pbnm,"Neues Jahrbuch für Mineralogie, Monatshefte 1987 (1987) 97-106"
Forsterite,0,0,0,1.402,0,0.598,0,4,1,4.7466,10.2003,5.9556,288.351,Pbnm,American Mineralogist 74 (1989) 411-421
Forsterite,0,0,0.08,1.02,0,0.9,0,4,1,4.747,10.193,5.951,287.946,Pbnm,American Mineralogist 67 (1982) 1206-1211
Forsterite,0,0,0,1.5,0,0.5,0,4,1,4.7473,10.196,5.9597,288.47,Pbnm,American Mineralogist 86 (2001) 1170-1187
Forsterite,0,0,0,1.6,0,0.4,0,4,1,4.74737,10.2069,5.9679,289.18,Pbnm,American Mineralogist 86 (2001) 1170-1187
Forsterite,0,0,0,1.2,0,0.8,0,4,1,4.7481,10.2027,5.9578,288.616,Pbnm,"Neues Jahrbuch für Mineralogie, Monatshefte 1987 (1987) 97-106"
Forsterite,0,0,0,1.2,0,0.8,0,4,1,4.7482,10.2033,5.9577,288.635,Pbnm,"Neues Jahrbuch für Mineralogie, Monatshefte 1987 (1987) 97-106"
Forsterite,0,0,0,1.52,0,0.48,0,4,1,4.7485,10.1988,5.9627,288.77,Pbnm,Geochemical Journal 2 (1968) 51-59
Forsterite,0,0,0,1.6,0,0.4,0,4,1,4.7487,10.201,5.9678,289.089,Pbnm,American Mineralogist 86 (2001) 1170-1187
Fayalite,0,0,1.04,0,0,0.96,0,4,1,4.749,10.335,6.004,294.7,Pbnm,American Mineralogist 69 (1984) 164-164
Forsterite,0,0,0,2,0,0,0,4,1,4.749,10.19,5.98,289.5,Pbnm,American Mineralogist 61 (1976) 1280-1293
Forsterite,0,0,0.05,1.95,0,0,0,4,1,4.749,10.178,5.996,289.8,Pbnm,"Zeitschrift für Naturforschung B Anorganische Chemie, Organische Chemie 33b (1978) 731-736"
Forsterite,0,0,0,2,0,0,0,4,1,4.749,10.1985,5.9792,289.589,Pbnm,American Mineralogist 72 (1987) 965-972
Forsterite,0,0,0,1.6,0,0.4,0,4,1,4.74955,10.2019,5.96718,289.136,Pbnm,American Mineralogist 86 (2001) 1170-1187
Forsterite,0,0,0,2,0,0,0,4,1,4.7501,10.2042,5.9806,289.885,Pbnm,"Neues Jahrbuch für Mineralogie, Monatshefte 1987 (1987) 97-106"
Forsterite,0,0,0,2,0,0,0,4,1,4.7503,10.187,5.9771,289.24,Pbnm,Materials Science of the Earth's Interior 1984 (1984) 191-231
Forsterite,0,0,0,2,0,0,0,4,1,4.7506,10.2048,5.9817,289.986,Pbnm,"Neues Jahrbuch für Mineralogie, Monatshefte 1987 (1987) 97-106"
Forsterite,0,0,0,2,0,0,0,4,1,4.751,10.203,5.983,290.023,Pbnm,Geokhimiya 7 (1984) 1047-1055
Forsterite,0,0,0,1.7,0,0.3,0,4,1,4.7515,10.199,5.9696,289.29,Pbnm,American Mineralogist 86 (2001) 1170-1187
Forsterite,0,0,0,2,0,0,0,4,1,4.752,10.193,5.977,289.509,Pbnm,American Mineralogist 61 (1976) 1280-1293
Forsterite,0,0,0,2,0,0,0,4,1,4.752,10.192,5.978,289.529,Pbnm,Physics and Chemistry of Minerals 32 (2005) 301-313
Forsterite,0,0,0,1.9,0,0.1,0,4,1,4.7523,10.2008,5.9726,289.54,Pbnm,Geochemical Journal 2 (1968) 51-59
Forsterite,0,0,0,1.9,0.1,0,0,4,1,4.753,10.231,5.999,291.719,Pbnm,Geokhimiya 7 (1984) 1047-1055
Forsterite,0,0,0.125,1.875,0,0,0,4,1,4.753,10.216,6,291.3,Pbnm,"Zeitschrift für Naturforschung B Anorganische Chemie, Organische Chemie 33b (1978) 731-736"
Forsterite,0,0,0.3,1.7,0,0,0,4,1,4.753,10.216,6,291.3,Pbnm,"Zeitschrift für Naturforschung B Anorganische Chemie, Organische Chemie 33b (1978) 731-736"
Forsterite,0,0,0.4,1.6,0,0,0,4,1,4.753,10.216,6,291.3,Pbnm,"Zeitschrift für Naturforschung B Anorganische Chemie, Organische Chemie 33b (1978) 731-736"
Forsterite,0,0,0,2,0,0,0,4,1,4.753,10.191,5.982,289.755,Pbnm,American Mineralogist 70 (1985) 568-575
Forsterite,0,0,0,2,0,0,0,4,1,4.7534,10.1902,5.9783,289.577,Pbnm,Acta Crystallographica B37 (1981) 513-518
Forsterite,0,0,0,2,0,0,0,4,1,4.7535,10.1943,5.9807,289.8,Pbnm,American Mineralogist 61 (1976) 1280-1293
Forsterite,0,0,0,2,0,0,0,4,1,4.7536,10.2066,5.9845,290.357,Pbnm,Physics and Chemistry of Minerals 24 (1997) 17-23
Forsterite,0,0,0,2,0,0,0,4,1,4.7537,10.198,5.9811,289.96,Pbnm,American Mineralogist 58 (1973) 998-1008
Forsterite,0,0,0.6,1.4,0,0,0,4,1,4.754,10.242,6.001,292.2,Pbnm,"Zeitschrift für Naturforschung B Anorganische Chemie, Organische Chemie 33b (1978) 731-736"
Forsterite,0,0,0.5,1.5,0,0,0,4,1,4.754,10.229,6.004,292,Pbnm,"Zeitschrift für Naturforschung B Anorganische Chemie, Organische Chemie 33b (1978) 731-736"
Forsterite,0,0,0,2,0,0,0,4,1,4.754,10.1971,5.9806,289.92,Pbnm,"Neues Jahrbuch für Mineralogie, Monatshefte 5 (1977) 205-215"
Forsterite,0,0,0,2,0,0,0,4,1,4.7545,10.2,5.9814,290.08,Pbnm,Mineralogical Magazine 36 (1968) 1123-1134
Forsterite,0,0,0,2,0,0,0,4,1,4.7548,10.196,5.9823,290.02,Pbnm,European Journal of Mineralogy 24 (2012) 935-956
Forsterite,0,0,0,2,0,0,0,4,1,4.7549,10.1976,5.9824,290.08,Pbnm,American Mineralogist 58 (1973) 998-1008
Forsterite,0,0,0,2,0,0,0,4,1,4.755,10.196,5.973,289.6,Pbnm,"Zeitschrift für Naturforschung B Anorganische Chemie, Organische Chemie 33b (1978) 731-736"
Forsterite,0,0,0,2,0,0,0,4,1,4.7553,10.196,5.9822,290.06,Pbnm,European Journal of Mineralogy 24 (2012) 935-956
Forsterite,0,0,0,2,0,0,0,4,1,4.7553,10.1977,5.982,290.09,Pbnm,Geochemical Journal 2 (1968) 51-59
Forsterite,0,0,0,2,0,0,0,4,1,4.75534,10.20141,5.98348,290.266,Pnma,Journal of Applied Crystallography 32 (1999) 51-59
Forsterite,0,0,0,2,0,0,0,4,1,4.75534,10.20141,5.98348,290.266,Pnma,Journal of Applied Crystallography 32 (1999) 51-59
Forsterite,0,0,0,2,0,0,0,4,1,4.75534,10.20141,5.98348,290.266,Pbnm,Journal of Applied Crystallography 32 (1999) 51-59
Forsterite,0,0,0,2,0,0,0,4,1,4.7554,10.197,5.9822,290.08,Pbnm,European Journal of Mineralogy 24 (2012) 935-956
Forsterite,0,0,0,2,0,0,0,4,1,4.7555,10.1196,5.9827,290.18,Pbnm,American Mineralogist 58 (1973) 998-1008
Forsterite,0,0,0.02,1.98,0,0,0,4,1,4.7555,10.1999,5.9816,290.14,Pbnm,"Neues Jahrbuch für Mineralogie, Monatshefte 5 (1977) 205-215"
Forsterite,0,0,0,2,0,0,0,4,1,4.7558,10.1965,5.9817,290.068,,R040052
Forsterite,0,0,0,2,0,0,0,4,1,4.756,10.207,5.98,290.296,Pbnm,American Mineralogist 58 (1973) 588-593
Forsterite,0,0,0.4,1.6,0,0,0,4,1,4.756,10.233,6.004,292.2,Pbnm,"Zeitschrift für Naturforschung B Anorganische Chemie, Organische Chemie 33b (1978) 731-736"
Forsterite,0,0,0.31,1.69,0,0,0,4,1,4.756,10.224,6.004,291.9,Pbnm,"Zeitschrift für Naturforschung B Anorganische Chemie, Organische Chemie 33b (1978) 731-736"
Forsterite,0,0,0.31,1.69,0,0,0,4,1,4.756,10.222,6.002,291.8,Pbnm,"Zeitschrift für Naturforschung B Anorganische Chemie, Organische Chemie 33b (1978) 731-736"
Forsterite,0,0,0.04,1.96,0,0,0,4,1,4.7563,10.2026,5.9842,290.39,Pbnm,"Neues Jahrbuch für Mineralogie, Monatshefte 5 (1977) 205-215"
Forsterite,0.001,0,0.002,1.918,0.079,0,0,4,1,4.757,10.219,5.993,291.3,Pbnm,American Mineralogist 70 (1985) 568-575
Forsterite,0,0,0.5,1.5,0,0,0,4,1,4.757,10.24,6.007,292.6,Pbnm,"Zeitschrift für Naturforschung B Anorganische Chemie, Organische Chemie 33b (1978) 731-736"
Forsterite,0,0,0.4,1.6,0,0,0,4,1,4.757,10.234,6.005,292.3,Pbnm,"Zeitschrift für Naturforschung B Anorganische Chemie, Organische Chemie 33b (1978) 731-736"
Forsterite,0,0,0.092,1.904,0.004,0,0,4,1,4.757,10.2067,5.987,290.68,Pbnm,Mineralogical Magazine 36 (1968) 1123-1134
Forsterite,0,0,0.06,1.94,0,0,0,4,1,4.7571,10.2053,5.9831,290.47,Pbnm,"Neues Jahrbuch für Mineralogie, Monatshefte 5 (1977) 205-215"
Forsterite,0.045,0,0,1.955,0,0,0,4,1,4.7575,10.2144,5.99,291.08,Pbnm,American Mineralogist 58 (1973) 998-1008
Forsterite,0,0,0.08,1.92,0,0,0,4,1,4.7578,10.2085,5.9857,290.72,Pbnm,"Neues Jahrbuch für Mineralogie, Monatshefte 5 (1977) 205-215"
Forsterite,0,0,0.15,1.85,0,0,0,4,1,4.7579,10.2151,5.989,291.08,Pbnm,American Mineralogist 86 (2001) 55-65
Forsterite,0,0,0.15,1.85,0,0,0,4,1,4.7579,10.2151,5.989,291.08,Pbnm,American Mineralogist 86 (2001) 55-65
Forsterite,0,0,0.15,1.85,0,0,0,4,1,4.7579,10.2151,5.989,291.08,Pbnm,American Mineralogist 86 (2001) 55-65
Forsterite,0,0,0.16,1.84,0,0,0,4,1,4.7579,10.2151,5.989,291.08,Pbnm,American Mineralogist 86 (2001) 55-65
Forsterite,0,0,0.16,1.84,0,0,0,4,1,4.7579,10.2151,5.989,291.08,Pbnm,American Mineralogist 86 (2001) 55-65
Forsterite,0,0,0.8,1.2,0,0,0,4,1,4.758,10.269,6.006,293.5,Pbnm,"Zeitschrift für Naturforschung B Anorganische Chemie, Organische Chemie 33b (1978) 731-736"
Forsterite,0,0,0.2,1.8,0,0,0,4,1,4.758,10.221,6.001,291.8,Pbnm,"Zeitschrift für Naturforschung B Anorganische Chemie, Organische Chemie 33b (1978) 731-736"
Forsterite,0,0,0.31,1.69,0,0,0,4,1,4.758,10.219,6.002,291.8,Pbnm,"Zeitschrift für Naturforschung B Anorganische Chemie, Organische Chemie 33b (1978) 731-736"
Forsterite,0,0,0.175,1.825,0,0,0,4,1,4.758,10.215,6.001,291.7,Pbnm,"Zeitschrift für Naturforschung B Anorganische Chemie, Organische Chemie 33b (1978) 731-736"
Forsterite,0,0,0.1,1.9,0,0,0,4,1,4.758,10.2115,5.9865,290.86,Pbnm,"Neues Jahrbuch für Mineralogie, Monatshefte 5 (1977) 205-215"
Forsterite,0.045,0,0,1.955,0,0,0,4,1,4.7581,10.223,5.9929,291.51,Pbnm,American Mineralogist 58 (1973) 998-1008
Forsterite,0,0,0.09,1.91,0,0,0,4,1,4.7584,10.2099,5.9863,290.83,Pbnm,"Neues Jahrbuch für Mineralogie, Monatshefte 5 (1977) 205-215"
Forsterite,0.045,0,0,1.955,0,0,0,4,1,4.7585,10.2248,5.9933,291.61,Pbnm,American Mineralogist 58 (1973) 998-1008
Forsterite,0,0.249,0,1.749,0,0,0,4,1,4.7585,10.2148,5.9846,290.894,Pbnm,Physics and Chemistry of Minerals 24 (1997) 17-23
Forsterite,0.002,0,0,1.998,0,0,0.001,4,1,4.759,10.218,5.984,290.987,,R100099
Forsterite,0,0,0.06,1.94,0,0,0,4,1,4.759,10.2238,5.9932,291.6,Pbnm,American Mineralogist 98 (2013) 1972-1979
Forsterite,0,0,0.5,1.5,0,0,0,4,1,4.759,10.243,6.009,292.9,Pbnm,"Zeitschrift für Naturforschung B Anorganische Chemie, Organische Chemie 33b (1978) 731-736"
Forsterite,0,0,0.4,1.6,0,0,0,4,1,4.759,10.238,6.009,292.8,Pbnm,"Zeitschrift für Naturforschung B Anorganische Chemie, Organische Chemie 33b (1978) 731-736"
Forsterite,0,0,0.2,1.8,0,0,0,4,1,4.759,10.227,5.995,291.778,Pbnm,"Neues Jahrbuch fur Mineralogie, Monatshefte 7 (1986) 313-324"
Forsterite,0,0,0.12,1.88,0,0,0,4,1,4.759,10.2145,5.988,291.08,Pbnm,"Neues Jahrbuch für Mineralogie, Monatshefte 5 (1977) 205-215"
Forsterite,0.091,0,0,1.909,0,0,0,4,1,4.7596,10.2463,6.0027,292.74,Pbnm,American Mineralogist 58 (1973) 998-1008
Forsterite,0.002,0,0.194,1.802,0.002,0,0,4,1,4.7599,10.2299,5.9933,291.85,Pbnm,Mineralogical Magazine 36 (1968) 1123-1134
Forsterite,0.001,0,0.003,1.832,0.164,0,0,4,1,4.76,10.244,6.006,292.8,Pbnm,American Mineralogist 70 (1985) 568-575
Forsterite,0,0.261,0,1.739,0,0,0,4,1,4.76,10.221,5.984,291.133,Pbnm,American Mineralogist 72 (1987) 594-598
Forsterite,0,0,0.172,1.826,0.002,0,0,4,1,4.7605,10.2116,5.9894,290.68,Pbnm,Mineralogical Magazine 36 (1968) 1123-1134
Forsterite,0.091,0,0,1.909,0,0,0,4,1,4.7606,10.2499,6.0023,292.89,Pbnm,American Mineralogist 58 (1973) 998-1008
Forsterite,0,0,0.2,1.792,0.003,0.005,0,4,1,4.7606,10.2234,5.9942,291.735,Pbnm,Physics and Chemistry of Minerals 17 (1990) 301-312
Forsterite,0.001,0,0.168,1.825,0.002,0.008,0,4,0.998,4.761,10.22,5.991,291.52,Pbnm,"Neues Jahrbuch für Mineralogie, Monatshefte 7 (1986) 313-324"
Forsterite,0.001,0,0.004,1.832,0.163,0,0,4,1,4.761,10.254,6.007,293.3,Pbnm,American Mineralogist 70 (1985) 568-575
Forsterite,0,0,0.166,1.826,0.003,0.009,0,4,0.998,4.761,10.222,5.991,291.58,Pbnm,"Neues Jahrbuch für Mineralogie, Monatshefte 7 (1986) 313-324"
Forsterite,0,0,0,1.8,0.2,0,0,4,1,4.761,10.258,6.013,293.665,Pbnm,Geokhimiya 7 (1984) 1047-1055
Forsterite,0,0,0.5,1.5,0,0,0,4,1,4.761,10.249,6.012,293.4,Pbnm,"Zeitschrift für Naturforschung B Anorganische Chemie, Organische Chemie 33b (1978) 731-736"
Forsterite,0,0,0.153,1.832,0.002,0.008,0.001,4,1,4.761,10.215,5.991,291.364,,R100100
Forsterite,0,0,0.19,1.808,0.002,0,0,4,1,4.7613,10.219,5.9921,291.55,Pbnm,Mineralogical Magazine 36 (1968) 1123-1134
Forsterite,0,0,0.18,1.81,0,0.01,0,4,1,4.7614,10.2236,5.9923,291.697,,R060535
Forsterite,0,0,0.18,1.81,0,0.01,0,4,1,4.7615,10.2215,5.9922,291.638,,R050117
Forsterite,0,0,0.18,1.82,0,0,0,4,1,4.7615,10.2248,5.9932,291.781,,R060551
Forsterite,0,0,0.18,1.81,0,0.01,0,4,1,4.7617,10.2255,5.9927,291.789,,R040018
Forsterite,0,0,0.199,1.793,0.003,0.005,0,4,1,4.7617,10.2246,5.9922,291.739,Pbnm,Physics and Chemistry of Minerals 17 (1990) 301-312
Forsterite,0.002,0,0.226,1.77,0.002,0,0,4,1,4.7619,10.2248,5.9943,291.85,Pbnm,Mineralogical Magazine 36 (1968) 1123-1134
Forsterite,0.007,0,0.164,1.817,0.003,0.01,0,4,1,4.762,10.2257,5.993,291.828,Pbnm,Physics and Chemistry of Minerals 17 (1990) 301-312
Forsterite,0.007,0,0.164,1.817,0.003,0.01,0,4,1,4.762,10.2207,5.9907,291.573,Pbnm,Physics and Chemistry of Minerals 17 (1990) 301-312
Forsterite,0,0,0.34,1.14,0,0.52,0,4,1,4.762,10.244,5.989,292.155,Pbnm,American Mineralogist 67 (1982) 1206-1211
Forsterite,0,0,0.226,1.774,0,0,0,4,1,4.762,10.23,5.996,292.097,Pbnm,"Neues Jahrbuch fur Mineralogie, Monatshefte 7 (1986) 313-324"
Forsterite,0,0,0.172,1.828,0,0,0,4,1,4.762,10.231,5.993,291.979,Pbnm,"Neues Jahrbuch fur Mineralogie, Monatshefte 7 (1986) 313-324"
Forsterite,0,0,0.2,1.8,0,0,0,4,1,4.762,10.225,5.994,291.857,Pbnm,American Mineralogist 53 (1968) 807-824
Forsterite,0,0,0.199,1.793,0.003,0.005,0,4,1,4.7624,10.2243,5.9922,291.773,Pbnm,Physics and Chemistry of Minerals 17 (1990) 301-312
Forsterite,0,0,0.06,1.94,0,0,0,4,1,4.7624,10.226,5.9936,291.93,Pbnm,American Mineralogist 98 (2013) 1972-1979
Forsterite,0,0,0.216,1.782,0.002,0,0,4,1,4.7628,10.2227,5.9933,291.81,Pbnm,Mineralogical Magazine 36 (1968) 1123-1134
Forsterite,0,0,0.233,1.761,0.004,0.004,0,4,0.999,4.763,10.231,5.997,292.24,Pbnm,"Neues Jahrbuch für Mineralogie, Monatshefte 7 (1986) 313-324"
Forsterite,0,0,0.2,1.792,0.003,0.005,0,4,1,4.7631,10.223,5.992,291.769,Pbnm,Physics and Chemistry of Minerals 17 (1990) 301-312
Forsterite,0,0,0.238,1.756,0.006,0,0,4,1,4.7631,10.2351,5.9975,292.38,Pbnm,Mineralogical Magazine 36 (1968) 1123-1134
Forsterite,0,0.499,0,1.499,0,0,0,4,1,4.7633,10.229,5.9874,291.729,Pbnm,Physics and Chemistry of Minerals 24 (1997) 17-23
Forsterite,0.01,0,0.23,1.756,0.004,0,0,4,1,4.7636,10.2376,5.9989,292.55,Pbnm,Mineralogical Magazine 36 (1968) 1123-1134
Forsterite,0,0.5,0,1.5,0,0,0,4,1,4.7638,10.2255,5.9846,291.52,Pbnm,Geochemical Journal 2 (1968) 51-59
Forsterite,0,0,0.307,1.688,0.004,0.002,0,4,1,4.764,10.241,6.002,292.83,Pbnm,"Neues Jahrbuch für Mineralogie, Monatshefte 7 (1986) 313-324"
Forsterite,0,0,0.26,1.74,0,0,0,4,1,4.764,10.232,5.996,292.3,Pbnm,European Journal of Mineralogy 24 (2012) 935-956
Forsterite,0,0,0.6,1.4,0,0,0,4,1,4.764,10.254,6.013,293.7,Pbnm,"Zeitschrift für Naturforschung B Anorganische Chemie, Organische Chemie 33b (1978) 731-736"
Forsterite,0,0,0.318,1.682,0,0,0,4,1,4.764,10.24,6.002,292.798,Pbnm,"Neues Jahrbuch fur Mineralogie, Monatshefte 7 (1986) 313-324"
Forsterite,0,0,0.2,1.8,0,0,0,4,1,4.764,10.226,5.991,291.862,Pbnm,"Neues Jahrbuch fur Mineralogie, Monatshefte 7 (1986) 313-324"
Forsterite,0,0,0.19,1.81,0,0,0,4,1,4.7641,10.2269,5.9952,292.098,Pbnm,Physics and Chemistry of Minerals 14 (1987) 368-372
Forsterite,0,0,0.184,1.816,0,0,0,4,1,4.7642,10.2258,6.0045,292.526,Pbnm,The Canadian Mineralogist 32 (1994) 541-552
Forsterite,0,0,0.2,1.8,0,0,0,4,1,4.7644,10.237,5.9975,292.517,Pbnm,The Canadian Mineralogist 32 (1994) 541-552
Forsterite,0.002,0,0.25,1.742,0.006,0,0,4,1,4.7646,10.236,5.9983,292.54,Pbnm,Mineralogical Magazine 36 (1968) 1123-1134
Forsterite,0,0,0.178,1.822,0,0,0,4,1,4.7649,10.2376,5.9986,292.619,Pbnm,The Canadian Mineralogist 32 (1994) 541-552
Forsterite,0,0,0.2,1.8,0,0,0,4,1,4.7649,10.237,5.998,292.572,Pbnm,The Canadian Mineralogist 32 (1994) 541-552
Forsterite,0,0,0.183,1.809,0.003,0.008,0,4,0.999,4.765,10.237,5.995,292.432,,R100101
Forsterite,0,0.401,0,1.599,0,0,0,4,1,4.765,10.225,5.986,291.651,Pbnm,American Mineralogist 72 (1987) 594-598
Forsterite,0,0,0.316,1.684,0,0,0,4,1,4.765,10.245,6.001,292.953,Pbnm,"Neues Jahrbuch fur Mineralogie, Monatshefte 7 (1986) 313-324"
Forsterite,0,0,0.196,1.804,0,0,0,4,1,4.7651,10.2385,5.9983,292.642,Pbnm,The Canadian Mineralogist 32 (1994) 541-552
Forsterite,0,0,0.184,1.816,0,0,0,4,1,4.7652,10.2388,5.9992,292.701,Pbnm,The Canadian Mineralogist 32 (1994) 541-552
Forsterite,0,0,0.228,1.772,0,0,0,4,1,4.7654,10.2396,5.9984,292.697,Pbnm,The Canadian Mineralogist 32 (1994) 541-552
Forsterite,0,0,0.27,1.73,0,0,0,4,1,4.7655,10.2351,5.997,292.5,Pbnm,"Neues Jahrbuch für Mineralogie, Monatshefte 5 (1977) 205-215"
Forsterite,0,0,0.246,1.754,0,0,0,4,1,4.7659,10.2414,5.9983,292.774,Pbnm,The Canadian Mineralogist 32 (1994) 541-552
Forsterite,0,0,0.19,1.81,0,0,0,4,1,4.7659,10.2396,5.9993,292.771,Pbnm,The Canadian Mineralogist 32 (1994) 541-552
Forsterite,0,0,0.26,1.74,0,0,0,4,1,4.766,10.233,5.998,292.5,Pbnm,European Journal of Mineralogy 24 (2012) 935-956
Forsterite,0,0,0.6,1.4,0,0,0,4,1,4.766,10.258,6.014,294,Pbnm,"Zeitschrift für Naturforschung B Anorganische Chemie, Organische Chemie 33b (1978) 731-736"
Forsterite,0,0,0.3,1.7,0,0,0,4,1,4.766,10.25,6.005,293.353,Pbnm,"Neues Jahrbuch fur Mineralogie, Monatshefte 7 (1986) 313-324"
Forsterite,0,0,0.198,1.802,0,0,0,4,1,4.766,10.2379,5.9992,292.724,Pbnm,The Canadian Mineralogist 32 (1994) 541-552
Forsterite,0,0,0.238,1.762,0,0,0,4,1,4.766,10.236,5.999,292.66,Pbnm,"Neues Jahrbuch fur Mineralogie, Monatshefte 7 (1986) 313-324"
Forsterite,0.137,0,0,1.863,0,0,0,4,1,4.7664,10.2926,6.023,295.48,Pbnm,American Mineralogist 58 (1973) 998-1008
Forsterite,0,0,0.32,1.67,0,0.01,0,4,1,4.7669,10.2453,6.0021,293.132,,R040057
Forsterite,0,0,0.33,1.67,0,0,0,4,1,4.7673,10.2488,6.003,293.301,,R060539
Forsterite,0,0,0.278,1.722,0,0,0,4,1,4.7673,10.249,5.9996,293.141,Pbnm,The Canadian Mineralogist 32 (1994) 541-552
Forsterite,0,0.75,0,1.25,0,0,0,4,1,4.7679,10.24,5.9884,292.373,Pbnm,Physics and Chemistry of Minerals 24 (1997) 17-23
Forsterite,0,0,0.25,1.75,0,0,0,4,1,4.768,10.219,5.997,291.7,Pbnm,"Zeitschrift für Naturforschung B Anorganische Chemie, Organische Chemie 33b (1978) 731-736"
Forsterite,0.005,0,0.399,1.583,0.012,0,0,4,1,4.7687,10.2555,6.0066,293.755,Pbnm,Physics and Chemistry of Minerals 17 (1990) 301-312
Forsterite,0,0,0.37,1.63,0,0,0,4,1,4.7687,10.2491,6.0023,293.36,Pbnm,"Neues Jahrbuch für Mineralogie, Monatshefte 5 (1977) 205-215"
Forsterite,0.005,0,0.399,1.583,0.012,0,0,4,1,4.7688,10.256,6.0065,293.771,Pbnm,Physics and Chemistry of Minerals 17 (1990) 301-312
Fayalite,0,0,1,1,0,0,0,4,1,4.769,10.306,6.03,296.4,Pbnm,"Zeitschrift für Naturforschung B Anorganische Chemie, Organische Chemie 33b (1978) 731-736"
Forsterite,0,0,1,1,0,0,0,4,1,4.769,10.306,6.03,296.4,Pbnm,"Zeitschrift für Naturforschung B Anorganische Chemie, Organische Chemie 33b (1978) 731-736"
Forsterite,0,0,0.8,1.2,0,0,0,4,1,4.769,10.286,6.021,295.4,Pbnm,"Zeitschrift für Naturforschung B Anorganische Chemie, Organische Chemie 33b (1978) 731-736"
Forsterite,0.18,0,0,1.82,0,0,0,4,1,4.7694,10.318,6.0353,297,Pbnm,American Mineralogist 58 (1973) 998-1008
Forsterite,0.005,0,0.399,1.583,0.012,0,0,4,1,4.7696,10.255,6.0053,293.733,Pbnm,Physics and Chemistry of Minerals 17 (1990) 301-312
Forsterite,0.01,0,0.378,1.606,0.006,0,0,4,1,4.7698,10.2558,6.007,293.85,Pbnm,Mineralogical Magazine 36 (1968) 1123-1134
Forsterite,0,0,0.4,1.6,0,0,0,4,1,4.7698,10.2531,6.003,293.58,Pbnm,"Neues Jahrbuch für Mineralogie, Monatshefte 5 (1977) 205-215"
Forsterite,0,0,0.6,1.4,0,0,0,4,1,4.77,10.261,6.016,294.5,Pbnm,"Zeitschrift für Naturforschung B Anorganische Chemie, Organische Chemie 33b (1978) 731-736"
Forsterite,0,0,0.364,1.636,0,0,0,4,1,4.77,10.253,6.006,293.734,Pbnm,"Neues Jahrbuch fur Mineralogie, Monatshefte 7 (1986) 313-324"
Forsterite,0.005,0,0.399,1.584,0.012,0,0,4,1,4.7701,10.2556,6.006,293.815,Pbnm,Physics and Chemistry of Minerals 17 (1990) 301-312
Forsterite,0.01,0,0.35,1.64,0,0,0,4,1,4.771,10.274,6.011,294.643,Pbnm,American Mineralogist 58 (1973) 577-587
Forsterite,0,0.953,0,1.047,0,0,0,4,1,4.771,10.245,5.988,292.687,Pbnm,American Mineralogist 72 (1987) 594-598
Forsterite,0,1,0,1,0,0,0,4,1,4.7713,10.2536,5.9915,293.122,Pbnm,Physics and Chemistry of Minerals 24 (1997) 17-23
Forsterite,0,1,0,1,0,0,0,4,1,4.7713,10.2533,5.9911,293.094,Pbnm,Physics and Chemistry of Minerals 24 (1997) 17-23
Forsterite,0,1,0,1,0,0,0,4,1,4.7713,10.2533,5.9911,293.094,Pbnm,Physics and Chemistry of Minerals 24 (1997) 17-23
Forsterite,0,1,0,1,0,0,0,4,1,4.7715,10.2537,5.9912,293.123,Pbnm,Physics and Chemistry of Minerals 24 (1997) 17-23
Forsterite,0,1,0,1,0,0,0,4,1,4.7715,10.2535,5.9912,293.117,Pbnm,Physics and Chemistry of Minerals 24 (1997) 17-23
Forsterite,0,1,0,1,0,0,0,4,1,4.7717,10.2542,5.9914,293.159,Pbnm,Physics and Chemistry of Minerals 24 (1997) 17-23
Forsterite,0,0.98,0,1.02,0,0,0,4,1,4.772,10.2522,5.9896,293.03,Pbnm,Geochemical Journal 2 (1968) 51-59
Forsterite,0,0,0.8,1.2,0,0,0,4,1,4.772,10.281,6.019,295.3,Pbnm,"Zeitschrift für Naturforschung B Anorganische Chemie, Organische Chemie 33b (1978) 731-736"
Forsterite,0,0,0.6,1.4,0,0,0,4,1,4.772,10.264,6.02,294.9,Pbnm,"Zeitschrift für Naturforschung B Anorganische Chemie, Organische Chemie 33b (1978) 731-736"
Forsterite,0.002,0,0.482,1.51,0.006,0,0,4,1,4.7723,10.2643,6.0147,294.62,Pbnm,Mineralogical Magazine 36 (1968) 1123-1134
Forsterite,0.003,0,0.001,1.543,0.453,0,0,4,1,4.773,10.351,6.055,299.1,Pbnm,American Mineralogist 70 (1985) 568-575
Forsterite,0,0,0,1.6,0.4,0,0,4,1,4.773,10.317,6.043,297.576,Pbnm,Geokhimiya 7 (1984) 1047-1055
Forsterite,0,0,0.45,1.55,0,0,0,4,1,4.7733,10.2676,6.0112,294.611,Pbnm,European Journal of Mineralogy 19 (2007) 15-27
Forsterite,0.008,0,0.47,1.516,0.006,0,0,4,1,4.774,10.266,6.0133,294.71,Pbnm,Mineralogical Magazine 36 (1968) 1123-1134
Forsterite,0.001,0,0,1.548,0.451,0,0,4,1,4.775,10.344,6.049,298.8,Pbnm,American Mineralogist 70 (1985) 568-575
Forsterite,0,0,0.58,1.42,0,0,0,4,1,4.775,10.28,6.016,295.307,Pbnm,American Mineralogist 58 (1973) 577-587
Fayalite,0,0,1.2,0.8,0,0,0,4,1,4.776,10.339,6.032,297.9,Pbnm,"Zeitschrift für Naturforschung B Anorganische Chemie, Organische Chemie 33b (1978) 731-736"
Forsterite,0,0,0.8,1.2,0,0,0,4,1,4.776,10.291,6.023,296,Pbnm,"Zeitschrift für Naturforschung B Anorganische Chemie, Organische Chemie 33b (1978) 731-736"
Forsterite,0,0,0.01,1.332,0.405,0,0.251,4,1,4.777,10.349,6.05,299.1,Pbnm,American Mineralogist 70 (1985) 568-575
Forsterite,0,0,0.6,1.4,0,0,0,4,1,4.7779,10.2831,6.0161,295.58,Pbnm,"Neues Jahrbuch für Mineralogie, Monatshefte 5 (1977) 205-215"
Forsterite,0.004,0,0.002,1.368,0.626,0,0,4,1,4.778,10.398,6.078,302,Pbnm,American Mineralogist 70 (1985) 568-575
Fayalite,0,0,1.2,0.8,0,0,0,4,1,4.778,10.341,6.038,298.3,Pbnm,"Zeitschrift für Naturforschung B Anorganische Chemie, Organische Chemie 33b (1978) 731-736"
Forsterite,0,0,0.8,1.2,0,0,0,4,1,4.778,10.299,6.028,296.6,Pbnm,"Zeitschrift für Naturforschung B Anorganische Chemie, Organische Chemie 33b (1978) 731-736"
Forsterite,0.012,0,0.756,1.218,0.014,0,0,4,1,4.7787,10.3168,6.0315,297.36,Pbnm,Mineralogical Magazine 36 (1968) 1123-1134
Forsterite,0,0,0,1.4,0.6,0,0,4,1,4.781,10.356,6.067,300.39,Pbnm,Geokhimiya 7 (1984) 1047-1055
Fayalite,0,0,1.4,0.6,0,0,0,4,1,4.781,10.361,6.044,299.4,Pbnm,"Zeitschrift für Naturforschung B Anorganische Chemie, Organische Chemie 33b (1978) 731-736"
Fayalite,0,0,1.2,0.8,0,0,0,4,1,4.781,10.352,6.041,299.1,Pbnm,"Zeitschrift für Naturforschung B Anorganische Chemie, Organische Chemie 33b (1978) 731-736"
Forsterite,0,0,0.7,1.3,0,0,0,4,1,4.7818,10.2972,6.0223,296.53,Pbnm,"Neues Jahrbuch für Mineralogie, Monatshefte 5 (1977) 205-215"
Forsterite,0.003,0,0.002,1.356,0.64,0,0,4,1,4.782,10.406,6.083,302.7,Pbnm,American Mineralogist 70 (1985) 568-575
Forsterite,0.004,0,0.914,1.07,0.012,0,0,4,1,4.7832,10.3227,6.0337,297.92,Pbnm,Mineralogical Magazine 36 (1968) 1123-1134
Forsterite,0.01,0,0.778,1.198,0.014,0,0,4,1,4.7839,10.3133,6.0295,297.49,Pbnm,Mineralogical Magazine 36 (1968) 1123-1134
Forsterite,0.012,0,0.928,1.046,0.014,0,0,4,1,4.7849,10.3275,6.0391,298.43,Pbnm,Mineralogical Magazine 36 (1968) 1123-1134
Forsterite,0,0,0.8,1.2,0,0,0,4,1,4.7849,10.3101,6.0263,297.29,Pbnm,"Neues Jahrbuch für Mineralogie, Monatshefte 5 (1977) 205-215"
Forsterite,0.01,0,0.61,1.38,0,0,0,4,1,4.785,10.298,6.028,297.035,Pbnm,American Mineralogist 58 (1973) 577-587
Forsterite,0.004,0,0.912,1.07,0.012,0,0,4,1,4.785,10.325,6.038,298.308,Pbnm,American Mineralogist 53 (1968) 807-824
Forsterite,0,0,0.956,1.03,0.014,0,0,4,1,4.786,10.3304,6.04,298.62,Pbnm,Mineralogical Magazine 36 (1968) 1123-1134
Forsterite,0,0,0.95,1.05,0,0,0,4,1,4.786,10.332,6.032,298.2,Pbnm,American Mineralogist 67 (1982) 1206-1211
Fayalite,0.02,0,0.98,0.98,0.02,0,0,4,1,4.787,10.341,6.044,299.192,Pbnm,American Mineralogist 53 (1968) 807-824
Fayalite,0,0,1.2,0.8,0,0,0,4,1,4.787,10.354,6.047,299.7,Pbnm,"Zeitschrift für Naturforschung B Anorganische Chemie, Organische Chemie 33b (1978) 731-736"
Forsterite,0.006,0,0.825,1.139,0.03,0,0,4,1,4.7871,10.3325,6.0347,298.493,Pbnm,Physics and Chemistry of Minerals 17 (1990) 301-312
Forsterite,0,0,0.85,1.15,0,0,0,4,1,4.7871,10.3181,6.0297,297.83,Pbnm,"Neues Jahrbuch für Mineralogie, Monatshefte 5 (1977) 205-215"
Fayalite,0,0,1.66,0,0,0.34,0,4,1,4.788,10.437,6.066,303.1,Pbnm,American Mineralogist 67 (1982) 1212-1217
Forsterite,0.006,0,0.825,1.139,0.03,0,0,4,1,4.7891,10.3321,6.0346,298.601,Pbnm,Physics and Chemistry of Minerals 17 (1990) 301-312
Forsterite,0,0,0,2,0,0,0,4,1,4.79,10.19,5.85,285.539,Pbnm,American Mineralogist 57 (1972) 709-731
Forsterite,0,0,0.98,1.02,0,0,0,4,1,4.7901,10.3305,6.0343,298.6,Pbnm,Physics and Chemistry of Minerals 19 (1993) 431-444
Forsterite,0.006,0,0.825,1.139,0.03,0,0,4,1,4.7911,10.3316,6.035,298.731,Pbnm,Physics and Chemistry of Minerals 17 (1990) 301-312
Fayalite,0,0,1.134,0.824,0.042,0,0,4,1,4.7912,10.3642,6.055,300.67,Pbnm,Mineralogical Magazine 36 (1968) 1123-1134
Fayalite,0,0,1,1,0,0,0,4,1,4.7929,10.3412,6.038,299.27,Pbnm,"Neues Jahrbuch für Mineralogie, Monatshefte 5 (1977) 205-215"
Forsterite,0,0,0.958,1.042,0,0,0,4,1,4.793,10.349,6.043,299.7,Pbnm,European Journal of Mineralogy 24 (2012) 935-956
Forsterite,0,0,0.958,1.042,0,0,0,4,1,4.794,10.35,6.043,299.9,Pbnm,European Journal of Mineralogy 24 (2012) 935-956
Forsterite,0,0,0.958,1.042,0,0,0,4,1,4.794,10.35,6.044,299.9,Pbnm,European Journal of Mineralogy 24 (2012) 935-956
Forsterite,0,0,0.958,1.042,0,0,0,4,1,4.794,10.347,6.043,299.7,Pbnm,European Journal of Mineralogy 24 (2012) 935-956
Forsterite,0,0,0,1.03,0.97,0,0,4,1,4.794,10.491,6.123,307.949,Pbnm,American Mineralogist 65 (1980) 1263-1269
Forsterite,0,0,0.935,1.065,0,0,0,4,1,4.7942,10.35,6.0436,299.883,Pbnm,European Journal of Mineralogy 18 (2006) 673-689
Forsterite,0,0,0.958,1.042,0,0,0,4,1,4.795,10.351,6.044,300,Pbnm,European Journal of Mineralogy 24 (2012) 935-956
Forsterite,0,0,0.958,1.042,0,0,0,4,1,4.795,10.351,6.045,300,Pbnm,European Journal of Mineralogy 24 (2012) 935-956
Forsterite,0,0,0.958,1.042,0,0,0,4,1,4.795,10.351,6.045,300,Pbnm,European Journal of Mineralogy 24 (2012) 935-956
Forsterite,0,0,0.958,1.042,0,0,0,4,1,4.795,10.349,6.044,299.9,Pbnm,European Journal of Mineralogy 24 (2012) 935-956
Forsterite,0,0,0.958,1.042,0,0,0,4,1,4.796,10.352,6.046,300.2,Pbnm,European Journal of Mineralogy 24 (2012) 935-956
Fayalite,0,0,1.76,0,0,0.24,0,4,1,4.797,10.447,6.075,304.4,Pbnm,American Mineralogist 67 (1982) 1212-1217
Forsterite,0,0,0,1,1,0,0,4,1,4.797,10.48,6.135,308.422,Pbnm,Geokhimiya 7 (1984) 1047-1055
Tephroite,0,0,0,1,1,0,0,4,1,4.797,10.48,6.135,308.422,Pbnm,Geokhimiya 7 (1984) 1047-1055
Fayalite,0,0,1.2,0.8,0,0,0,4,1,4.797,10.358,6.048,300.5,Pbnm,American Mineralogist 54 (1969) 741-753
Fayalite,0,0,1.18,0.82,0,0,0,4,1,4.7974,10.3635,6.0463,300.61,Pbnm,"Neues Jahrbuch für Mineralogie, Monatshefte 5 (1977) 205-215"
Fayalite,0,0,1.1,0.75,0.15,0,0,4,1,4.798,10.39,6.055,301.849,Pbnm,American Mineralogist 62 (1977) 286-295
Fayalite,0,0,1.1,0.75,0.15,0,0,4,1,4.798,10.387,6.055,301.762,Pbnm,American Mineralogist 58 (1973) 588-593
Forsterite,0,0,0,1.2,0.8,0,0,4,1,4.798,10.416,6.102,304.953,Pbnm,Geokhimiya 7 (1984) 1047-1055
Fayalite,0,0,1.2,0.8,0,0,0,4,1,4.798,10.367,6.047,300.8,Pbnm,American Mineralogist 54 (1969) 741-753
Fayalite,0,0,1.2,0.8,0,0,0,4,1,4.7986,10.3665,6.0482,300.87,Pbnm,"Neues Jahrbuch für Mineralogie, Monatshefte 5 (1977) 205-215"
Forsterite,0.006,0,0.002,1.028,0.964,0,0,4,1,4.799,10.499,6.127,308.7,Pbnm,American Mineralogist 70 (1985) 568-575
Fayalite,0,0,1.6,0.4,0,0,0,4,1,4.799,10.389,6.056,301.9,Pbnm,"Zeitschrift für Naturforschung B Anorganische Chemie, Organische Chemie 33b (1978) 731-736"
Fayalite,0.002,0,1.434,0.544,0.02,0,0,4,1,4.8002,10.4028,6.0748,303.36,Pbnm,Mineralogical Magazine 36 (1968) 1123-1134
Tephroite,0,0,0.036,0.757,0.995,0,0.204,4,1,4.804,10.532,6.135,310.4,Pbnm,American Mineralogist 70 (1985) 568-575
Fayalite,0,0,1.4,0.6,0,0,0,4,1,4.8043,10.3923,6.0577,302.45,Pbnm,"Neues Jahrbuch für Mineralogie, Monatshefte 5 (1977) 205-215"
Fayalite,0,0,1.8,0.2,0,0,0,4,1,4.805,10.441,6.08,305,Pbnm,"Zeitschrift für Naturforschung B Anorganische Chemie, Organische Chemie 33b (1978) 731-736"
Fayalite,0,0,1.82,0,0,0.18,0,4,1,4.807,10.457,6.078,305.5,Pbnm,American Mineralogist 67 (1982) 1212-1217
Fayalite,0,0,1.5,0.5,0,0,0,4,1,4.8074,10.4063,6.0618,303.25,Pbnm,"Neues Jahrbuch für Mineralogie, Monatshefte 5 (1977) 205-215"
Forsterite,0,0,0,1,1,0,0,4,1,4.80757,10.451,6.12446,307.717,Pnma,Journal of Applied Crystallography 32 (1999) 51-59
Forsterite,0,0,0,1,1,0,0,4,1,4.80757,10.451,6.12446,307.717,Pnma,Journal of Applied Crystallography 32 (1999) 51-59
Tephroite,0,0,0,1,1,0,0,4,1,4.80757,10.451,6.12446,307.717,Pnma,Journal of Applied Crystallography 32 (1999) 51-59
Tephroite,0,0,0,1,1,0,0,4,1,4.80757,10.451,6.12446,307.717,Pnma,Journal of Applied Crystallography 32 (1999) 51-59
Forsterite,0,0,0,1,1,0,0,4,1,4.80757,10.451,6.12446,307.717,Pbnm,Journal of Applied Crystallography 32 (1999) 51-59
Tephroite,0,0,0,1,1,0,0,4,1,4.80757,10.451,6.12446,307.717,Pbnm,Journal of Applied Crystallography 32 (1999) 51-59
Fayalite,0.004,0,1.704,0.266,0.026,0,0,4,1,4.8099,10.442,6.0892,305.83,Pbnm,Mineralogical Magazine 36 (1968) 1123-1134
Tephroite,0.008,0,0.002,0.917,1.074,0,0,4,1,4.81,10.54,6.149,311.7,Pbnm,American Mineralogist 70 (1985) 568-575
Fayalite,0,0,1.6,0.4,0,0,0,4,1,4.81,10.419,6.068,304.08,Pbnm,American Mineralogist 54 (1969) 741-753
Fayalite,0,0,1.6,0.4,0,0,0,4,1,4.8111,10.4213,6.0684,304.26,Pbnm,"Neues Jahrbuch für Mineralogie, Monatshefte 5 (1977) 205-215"
Fayalite,0.01,0,1.778,0.182,0.03,0,0,4,1,4.8122,10.4524,6.0945,305.55,Pbnm,Mineralogical Magazine 36 (1968) 1123-1134
Tephroite,0,0,0,0.8,1.2,0,0,4,1,4.813,10.506,6.16,311.483,Pbnm,Geokhimiya 7 (1984) 1047-1055
Fayalite,0,0,1.6,0.4,0,0,0,4,1,4.813,10.417,6.067,304.18,Pbnm,American Mineralogist 54 (1969) 741-753
Monticellite,0.782,0,0,1.218,0,0,0,4,1,4.8139,10.9131,6.2921,330.56,Pbnm,American Mineralogist 58 (1973) 998-1008
Fayalite,0,0,2,0,0,0,0,4,1,4.815,10.49,6.085,307.3,Pbnm,American Mineralogist 54 (1969) 741-753
Monticellite,0.836,0,0,1.164,0,0,0,4,1,4.8152,10.9599,6.3092,332.96,Pbnm,American Mineralogist 58 (1973) 998-1008
Fayalite,0.004,0,1.844,0.078,0.074,0,0,4,1,4.816,10.469,6.099,307.504,Pbnm,American Mineralogist 53 (1968) 807-824
Fayalite,0.002,0,1.806,0.074,0.118,0,0,4,1,4.8161,10.4689,6.0974,307.43,Pbnm,Mineralogical Magazine 36 (1968) 1123-1134
Fayalite,0,0,1.8,0.2,0,0,0,4,1,4.8169,10.4512,6.0783,306,Pbnm,"Neues Jahrbuch für Mineralogie, Monatshefte 5 (1977) 205-215"
Fayalite,0.012,0,1.96,0,0.028,0,0,4,1,4.8176,10.482,6.0995,308.01,Pbnm,Mineralogical Magazine 36 (1968) 1123-1134
Fayalite,0.004,0,1.936,0,0.06,0,0,4,1,4.8177,10.4789,6.1046,308.19,Pbnm,Mineralogical Magazine 36 (1968) 1123-1134
Fayalite,0,0,1.88,0,0.11,0,0.01,4,1,4.8177,10.477,6.0922,307.504,,R070157
Monticellite,0.89,0,0,1.11,0,0,0,4,1,4.818,11.0074,6.3327,335.84,Pbnm,American Mineralogist 58 (1973) 998-1008
Fayalite,0,0,2,0,0,0,0,4,1,4.818,10.471,6.086,307.034,Pbnm,American Mineralogist 60 (1975) 1092-1097
Fayalite,0,0,2,0,0,0,0,4,1,4.818,10.47,6.086,307.005,Pbnm,American Mineralogist 62 (1977) 286-295
Fayalite,0,0,2,0,0,0,0,4,1,4.818,10.47,6.086,307.005,Pbnm,American Mineralogist 62 (1977) 286-295
Fayalite,0,0,2,0,0,0,0,4,1,4.8186,10.4822,6.1108,308.65,Pbnm,Mineralogical Magazine 36 (1968) 1123-1134
Fayalite,0,0,2,0,0,0,0,4,1,4.819,10.47,6.086,307.1,Pbnm,American Mineralogist 54 (1969) 741-753
Fayalite,0,0,2,0,0,0,0,4,1,4.8195,10.4788,6.0873,307.424,Pbnm,Acta Crystallographica B37 (1981) 513-518
Fayalite,0,0,2,0,0,0,0,4,1,4.82,10.476,6.089,307.4,Pbnm,European Journal of Mineralogy 24 (2012) 935-956
Fayalite,0,0,2,0,0,0,0,4,1,4.82,10.476,6.089,307.4,Pbnm,European Journal of Mineralogy 24 (2012) 935-956
Fayalite,0,0,2,0,0,0,0,4,1,4.82,10.485,6.093,307.9,Pbnm,"Zeitschrift für Naturforschung B Anorganische Chemie, Organische Chemie 33b (1978) 731-736"
Monticellite,0.945,0,0,1.055,0,0,0,4,1,4.8201,11.053,6.3552,338.59,Pbnm,American Mineralogist 58 (1973) 998-1008
Monticellite,0.935,0,0,1.065,0,0,0,4,1,4.8202,11.0506,6.3519,338.34,Pbnm,American Mineralogist 58 (1973) 998-1008
Monticellite,0.99,0,0,1.01,0,0,0,4,1,4.8209,11.0911,6.3726,340.74,Pbnm,American Mineralogist 58 (1973) 998-1008
Monticellite,1,0,0,1,0,0,0,4,1,4.821,11.105,6.381,341.621,Pbnm,American Mineralogist 72 (1987) 748-755
Fayalite,0,0,2,0,0,0,0,4,1,4.821,10.475,6.089,307.5,Pbnm,European Journal of Mineralogy 24 (2012) 935-956
Fayalite,0,0,2,0,0,0,0,4,1,4.821,10.481,6.097,308.17,Pbnm,Journal of Crystal Growth 43 (1978) 463-468
Fayalite,0,0,2,0,0,0,0,4,1,4.821,10.478,6.092,307.7,Pbnm,American Mineralogist 67 (1982) 1212-1217
Fayalite,0,0,2,0,0,0,0,4,1,4.8211,10.4779,6.0889,307.58,Pbnm,"Neues Jahrbuch für Mineralogie, Monatshefte 5 (1977) 205-215"
Fayalite,0,0,2,0,0,0,0,4,1,4.822,10.488,6.094,308.193,Pbnm,Physica B 140 (1986) 333-336
Fayalite,0,0,2,0,0,0,0,4,1,4.822,10.517,6.056,307.118,Pbnm,Mineralogical Magazine 36 (1968) 955-961
Fayalite,0,0,1.89,0,0.11,0,0,4,1,4.8233,10.4959,6.0966,308.64,,R070374
Fayalite,0,0,1.87,0,0.13,0,0,4,1,4.8245,10.4959,6.0974,308.757,,R070293
Monticellite,1,0,0.07,0.93,0,0,0,4,1,4.825,11.111,6.383,342.196,Pbnm,American Mineralogist 63 (1978) 365-377
Fayalite,0,0,1.78,0,0.22,0,0,4,1,4.826,10.514,6.105,309.8,Pbnm,American Mineralogist 69 (1984) 1110-1115
Tephroite,0.011,0,0.003,0.74,1.237,0,0,4,1,4.827,10.549,6.17,314.2,Pbnm,American Mineralogist 70 (1985) 568-575
Monticellite,1,0,0.12,0.88,0,0,0,4,1,4.8281,11.1098,6.3894,342.722,Pnma,Acta Crystallographica B51 (1995) 721-733
Monticellite,1.021,0,0.086,0.896,0.003,0,0,4,0.996,4.829,11.116,6.393,343.171,,R100107
Monticellite,0.99,0,0.12,0.85,0.03,0,0,4,1,4.8295,11.1083,6.3872,342.658,,R040115
Tephroite,0.008,0,0.015,0.613,1.363,0,0,4,1,4.83,10.553,6.18,315,Pbnm,American Mineralogist 70 (1985) 568-575
Fayalite,0,0,1.52,0,0.48,0,0,4,1,4.8378,10.536,6.1234,312.116,Pbnm,Physics and Chemistry of Minerals 15 (1987) 54-58
Tephroite,0,0,0,0.6,1.4,0,0,4,1,4.83927,10.52411,6.17903,314.692,Pnma,Journal of Applied Crystallography 32 (1999) 51-59
Tephroite,0,0,0,0.6,1.4,0,0,4,1,4.83927,10.52411,6.17903,314.692,Pnma,Journal of Applied Crystallography 32 (1999) 51-59
Tephroite,0,0,0,0.6,1.4,0,0,4,1,4.83927,10.52411,6.17903,314.692,Pbnm,Journal of Applied Crystallography 32 (1999) 51-59
Fayalite,0,0,1.38,0,0.62,0,0,4,1,4.84,10.556,6.135,313.5,Pbnm,American Mineralogist 69 (1984) 1110-1115
Tephroite,0.04,0,0,0.49,1.47,0,0,4,1,4.845,10.59,6.208,318.523,,R070511
Fayalite,0.25,0,1.75,0,0,0,0,4,1,4.846,10.685,6.136,317.719,Pbnm,Mineralogical Magazine 36 (1968) 955-961
Fayalite,0,0,1.4,0,0.6,0,0,4,1,4.84857,10.55545,6.14054,314.266,Pbnm,Mineralogical Magazine 62 (1998) 607-615
Tephroite,0.024,0,0.005,0.465,1.507,0,0,4,1,4.85,10.568,5.203,317.9,Pbnm,American Mineralogist 70 (1985) 568-575
Fayalite,0,0,1.1,0,0.9,0,0,4,1,4.852,10.576,6.142,315.1,Pbnm,American Mineralogist 69 (1984) 1110-1115
Fayalite,0.002,0,1.02,0.052,0.931,0,0.001,4,0.997,4.8524,10.607,6.158,316.949,,R100104
Fayalite,0.492,0,1.508,0,0,0,0,4,1,4.854,10.83,6.24,328.029,Pbnm,Mineralogical Magazine 36 (1968) 955-961
Tephroite,0,0,0.94,0,1.06,0,0,4,1,4.856,10.585,6.168,317,Pbnm,American Mineralogist 69 (1984) 1110-1115
Fayalite,0,0,1.01,0,0.99,0,0,4,1,4.8578,10.5818,6.1641,316.861,Pbnm,Physics and Chemistry of Minerals 15 (1987) 54-58
Tephroite,0.005,0,0.004,0.372,1.62,0,0,4,1,4.86,10.58,6.225,320.1,Pbnm,American Mineralogist 70 (1985) 568-575
Fayalite,0,0,1,0,1,0,0,4,1,4.86184,10.58358,6.1695,317.456,Pbnm,Mineralogical Magazine 62 (1998) 607-615
Tephroite,0,0,1,0,1,0,0,4,1,4.86184,10.58358,6.1695,317.456,Pbnm,Mineralogical Magazine 62 (1998) 607-615
Tephroite,0,0,0,0.2,1.8,0,0,4,1,4.862,10.553,6.208,318.524,Pbnm,Geokhimiya 7 (1984) 1047-1055
Monticellite,0.959,0,0.268,0.474,0.305,0,0.002,4,0.996,4.8635,11.124,6.427,347.711,,R100108
Monticellite,1.255,0.745,0,0,0,0,0,4,1,4.866,11.15,6.453,350.113,Pbnm,"Neues Jahrbuch fur Mineralogie, Monatshefte 1987 (1987) 160-170"
Fayalite,0.748,0,1.252,0,0,0,0,4,1,4.87,11.078,6.385,344.47,Pbnm,Mineralogical Magazine 36 (1968) 955-961
Tephroite,0,0,0.6,0,1.4,0,0,4,1,4.871,10.594,6.2,319.9,Pbnm,American Mineralogist 69 (1984) 1110-1115
Tephroite,0,0,0.584,0,1.416,0,0,4,1,4.8734,10.5991,6.1982,320.16,Pbnm,Physics and Chemistry of Minerals 15 (1987) 54-58
Kirschsteinite,1,0,0.69,0.31,0,0,0,4,1,4.875,11.164,6.447,350.875,Pbnm,European Journal of Mineralogy 9 (1997) 969-973
Kirschsteinite,1,0,0.77,0.22,0,0,0,4,1,4.877,11.166,6.448,351.136,Pbnm,European Journal of Mineralogy 9 (1997) 969-973
Tephroite,0,0,0.6,0,1.4,0,0,4,1,4.8789,10.60587,6.20468,321.061,Pbnm,Mineralogical Magazine 62 (1998) 607-615
Tephroite,0,0,0,0.17,1.83,0,0,4,1,4.879,10.589,6.234,322.072,Pbnm,American Mineralogist 65 (1980) 1263-1269
Tephroite,0.013,0,0.026,0.181,1.78,0,0,4,1,4.88,10.586,6.234,322,Pbnm,American Mineralogist 70 (1985) 568-575
Tephroite,0,0,0,0,2,0,0,4,1,4.894,10.61,6.259,325.001,Pbnm,Geokhimiya 7 (1984) 1047-1055
Tephroite,0,0,0.18,0,1.82,0,0,4,1,4.896,10.603,6.241,324,Pbnm,American Mineralogist 69 (1984) 1110-1115
Tephroite,0,0,0,0,2,0,0,4,1,4.8968,10.59,6.25,324.1,Pbnm,Mineralogical Magazine 35 (1966) 742-755
Tephroite,0,0,0,0,2,0,0,4,1,4.9023,10.5964,6.2567,325.015,Pbnm,Acta Crystallographica B37 (1981) 513-518
Tephroite,0,0,0,0,2,0,0,4,1,4.90338,10.60016,6.25753,325.246,Pbnm,Journal of Applied Crystallography 32 (1999) 51-59
Tephroite,0,0,0,0,2,0,0,4,1,4.90338,10.60016,6.25753,325.245,Pnma,Journal of Applied Crystallography 32 (1999) 51-59
Tephroite,0,0,0,0,2,0,0,4,1,4.90338,10.60016,6.25753,325.245,Pnma,Journal of Applied Crystallography 32 (1999) 51-59
Tephroite,0,0,0,0,2,0,0,4,1,4.9042,10.597,6.2545,325.045,Pbnm,Journal of Crystal Growth 34 (1976) 125-131
Kirschsteinite,1.217,0,0.783,0,0,0,0,4,1,4.906,11.206,6.485,356.523,Pbnm,Mineralogical Magazine 36 (1968) 955-961
Tephroite,0,0,0,0,2,0,0,4,1,4.906,10.598,6.255,325.2,Pbnm,American Mineralogist 70 (1985) 568-575
Kirschsteinite,0.998,0,1.002,0,0,0,0,4,1,4.91,11.126,6.457,352.737,Pbnm,Mineralogical Magazine 36 (1968) 955-961
Glaucochroite,0.98,0,0,0.1,0.87,0,0.05,4,1,4.913,11.151,6.488,355.444,Pbnm,American Mineralogist 63 (1978) 365-377
Kirschsteinite,1.104,0,0.896,0,0,0,0,4,1,4.922,11.202,6.489,357.779,Pbnm,Mineralogical Magazine 36 (1968) 955-961
Calcio-olivine,2,0,0,0,0,0,0,4,1,5.07389,11.21128,6.7534,384.166,Pbnm,Crystallography Reports 53 (2008) 404-408
Calcio-olivine,2,0,0,0,0,0,0,4,1,5.081,11.224,6.778,386.544,Pbnm,Cement and Concrete Research 10 (1980) 139-144